FishID,dataset,mig.bool2,mig.bool,stray.bool2,stray.bool,prbt,old.std.prbt,F1,HybridClasses3,HC3.int,HybridClasses2,HC2.int
CYC1,stray,1,NA,0,0,0.5,0.040005335,1,HHyb,3,HHyb,2
CYC2,stray,1,NA,1,1,0.5,0.040005335,1,HHyb,3,HHyb,2
CYC7,stray,1,NA,0,0,0.025641026,-3.297966225,0,LHyb,2,WCT/LHyb,1
CYC8,stray,1,NA,0,0,0.5,0.040005335,1,HHyb,3,HHyb,2
CYC9,stray,1,NA,1,1,0.5,0.040005335,1,HHyb,3,HHyb,2
CYC10,stray,1,NA,1,1,0.551282051,0.246366824,0,HHyb,3,HHyb,2
CYC11,stray,1,NA,1,1,0.346153846,-0.592097016,0,LHyb,2,WCT/LHyb,1
CYC12,stray,1,NA,1,1,0,-4.59511985,0,WCT,1,WCT/LHyb,1
CYC13,stray,1,NA,1,1,0,-4.59511985,0,WCT,1,WCT/LHyb,1
CYC14,stray,1,NA,0,0,0.5,0.040005335,1,HHyb,3,HHyb,2
CYC15,stray,1,NA,1,1,0,-4.59511985,0,WCT,1,WCT/LHyb,1
MCG1,stray,1,NA,0,0,0,-4.59511985,0,WCT,1,WCT/LHyb,1
MCG4,stray,1,NA,0,0,0.025641026,-3.297966225,0,LHyb,2,WCT/LHyb,1
MCG5,stray,1,NA,0,0,0.371794872,-0.481936845,0,LHyb,2,WCT/LHyb,1
MCG6,stray,1,NA,0,0,0.051282051,-2.729028061,0,LHyb,2,WCT/LHyb,1
MCG7,stray,1,NA,0,0,0.102564103,-2.064813431,0,LHyb,2,WCT/LHyb,1
MCG8,stray,1,NA,0,0,0.397435897,-0.374575444,0,LHyb,2,WCT/LHyb,1
MCG9,stray,1,NA,0,0,0.320512821,-0.705866566,0,LHyb,2,WCT/LHyb,1
MCG11,stray,1,NA,1,1,0.333333333,-0.648474741,0,LHyb,2,WCT/LHyb,1
MCG12,stray,1,NA,0,0,0.397435897,-0.374575444,0,LHyb,2,WCT/LHyb,1
MCG14,stray,1,NA,0,0,0.5,0.040005335,1,HHyb,3,HHyb,2
MCG15,stray,1,NA,0,0,0.435897436,-0.217260842,0,LHyb,2,WCT/LHyb,1
MCG16,stray,1,NA,0,0,0,-4.59511985,0,WCT,1,WCT/LHyb,1
MCG18,stray,1,NA,0,0,0.423076923,-0.269308264,0,LHyb,2,WCT/LHyb,1
MCG19,stray,1,NA,0,0,0.064102564,-2.525313333,0,LHyb,2,WCT/LHyb,1
MCG21,stray,1,NA,1,1,0.769230769,1.261189288,0,HHyb,3,HHyb,2
MCG22,stray,1,NA,0,0,0,-4.59511985,0,WCT,1,WCT/LHyb,1
MCG23,stray,1,NA,0,0,0.025641026,-3.297966225,0,LHyb,2,WCT/LHyb,1
MCG24,stray,1,NA,0,0,0.692307692,0.858311188,0,HHyb,3,HHyb,2
MCG25,stray,1,NA,0,0,0.474358974,-0.062584522,1,LHyb,2,WCT/LHyb,1
MCG26,stray,1,NA,0,0,0,-4.59511985,0,WCT,1,WCT/LHyb,1
MCG27,stray,1,NA,0,0,0.115384615,-1.942398293,0,LHyb,2,WCT/LHyb,1
MCG28,stray,1,NA,1,1,0.782051282,1.337334639,0,HHyb,3,HHyb,2
LAN6,stray,1,NA,0,0,0.692307692,0.858311188,0,HHyb,3,HHyb,2
LAN1,stray,1,NA,1,1,0.974358974,4.142093331,0,HHyb,3,HHyb,2
LAN2,stray,1,NA,0,0,0.5,0.040005335,0,HHyb,3,HHyb,2
LAN3,stray,1,NA,0,0,0.487179487,-0.011282171,0,LHyb,2,WCT/LHyb,1
LAN4,stray,1,NA,0,0,0.269230769,-0.948280448,0,LHyb,2,WCT/LHyb,1
PIT_139624,migration,1,1,NA,NA,0,-0.625424281,NA,LHyb,2,WCT/LHyb,1
PIT_139591,migration,1,1,NA,NA,0.497335702,2.267155353,NA,LHyb,2,WCT/LHyb,1
PIT_139613,migration,1,1,NA,NA,0.000868056,-0.620375536,NA,WCT,1,WCT/LHyb,1
PIT_139608,migration,1,1,NA,NA,0.494623656,2.251381684,NA,LHyb,2,WCT/LHyb,1
PIT_139663,migration,1,1,NA,NA,0.723385689,3.581896254,NA,HHyb,3,HHyb,2
PIT_139672,migration,1,1,NA,NA,0.569565217,2.687253133,NA,HHyb,3,HHyb,2
PIT_139633,migration,1,1,NA,NA,0.057291667,-0.292207284,NA,LHyb,2,WCT/LHyb,1
PIT_139646,migration,1,1,NA,NA,0.495559503,2.256824711,NA,LHyb,2,WCT/LHyb,1
PIT_139607,migration,1,1,NA,NA,0.237347295,0.755023471,NA,LHyb,2,WCT/LHyb,1
PIT_139638,migration,1,1,NA,NA,0.04020979,-0.391558063,NA,LHyb,2,WCT/LHyb,1
PIT_139582,migration,1,1,NA,NA,0,-0.625424281,NA,WCT,1,WCT/LHyb,1
PIT_139590,migration,1,1,NA,NA,0.035652174,-0.418065847,NA,LHyb,2,WCT/LHyb,1
PIT_139601,migration,1,1,NA,NA,0,-0.625424281,NA,WCT,1,WCT/LHyb,1
PIT_139628,migration,1,1,NA,NA,0.20017331,0.538813954,NA,LHyb,2,WCT/LHyb,1
PIT_139636,migration,1,1,NA,NA,0.196302817,0.516302582,NA,LHyb,2,WCT/LHyb,1
PIT_139625,migration,1,1,NA,NA,0,-0.625424281,NA,WCT,1,WCT/LHyb,1
PIT_139617,migration,1,1,NA,NA,0.495621716,2.257186552,NA,LHyb,2,WCT/LHyb,1
PIT_139643,migration,1,1,NA,NA,0.298401421,1.110123499,NA,LHyb,2,WCT/LHyb,1
PIT_139658,migration,1,1,NA,NA,0.10483871,-0.015666493,NA,LHyb,2,WCT/LHyb,1
PIT_139650,migration,1,1,NA,NA,0.49270073,2.240197655,NA,LHyb,2,WCT/LHyb,1
PIT_139641,migration,1,1,NA,NA,0.49551167,2.256546507,NA,LHyb,2,WCT/LHyb,1
PIT_139662,migration,1,1,NA,NA,0,-0.625424281,NA,WCT,1,WCT/LHyb,1
PIT_139661,migration,1,1,NA,NA,0.490072202,2.224909739,NA,LHyb,2,WCT/LHyb,1
PIT_139833,migration,1,1,NA,NA,0.099303136,-0.047862228,NA,LHyb,2,WCT/LHyb,1
PIT_139856,migration,1,1,NA,NA,0,-0.625424281,NA,WCT,1,WCT/LHyb,1
PIT_139860,migration,1,1,NA,NA,0.000932836,-0.619998766,NA,WCT,1,WCT/LHyb,1
PIT_139603,migration,1,1,NA,NA,0,-0.625424281,NA,WCT,1,WCT/LHyb,1
PIT_139596,migration,1,1,NA,NA,0,-0.625424281,NA,WCT,1,WCT/LHyb,1
PIT_139677,migration,1,1,NA,NA,0,-0.625424281,NA,WCT,1,WCT/LHyb,1
PIT_139642,migration,1,1,NA,NA,0,-0.625424281,NA,WCT,1,WCT/LHyb,1
PIT_139453,migration,1,1,NA,NA,0.208406305,0.586698298,NA,LHyb,2,WCT/LHyb,1
PIT_139395,migration,1,1,NA,NA,0.757088847,3.777918916,NA,HHyb,3,HHyb,2
PIT_139595,migration,1,1,NA,NA,0.297891037,1.107155028,NA,LHyb,2,WCT/LHyb,1
PIT_139857,migration,1,1,NA,NA,0.269021739,0.939246826,NA,LHyb,2,WCT/LHyb,1
PIT_139673,migration,1,1,NA,NA,0,-0.625424281,NA,WCT,1,WCT/LHyb,1
PIT_139428,migration,1,1,NA,NA,0,-0.625424281,NA,WCT,1,WCT/LHyb,1
PIT_139383,migration,1,1,NA,NA,0,-0.625424281,NA,WCT,1,WCT/LHyb,1
PIT_139609,migration,1,1,NA,NA,0,-0.625424281,NA,WCT,1,WCT/LHyb,1
PIT_139423,migration,1,1,NA,NA,0.311619718,1.187003112,NA,LHyb,2,WCT/LHyb,1
PIT_139627,migration,1,1,NA,NA,0.015337423,-0.53621951,NA,LHyb,2,WCT/LHyb,1
PIT_139863,migration,1,1,NA,NA,0,-0.625424281,NA,WCT,1,WCT/LHyb,1
PIT_139396,migration,1,1,NA,NA,0.517367459,2.383663081,NA,HHyb,3,HHyb,2
PIT_139785,migration,1,1,NA,NA,0.004340278,-0.600180568,NA,WCT,1,WCT/LHyb,1
PIT_139451,migration,1,1,NA,NA,0.492094862,2.236673836,NA,LHyb,2,WCT/LHyb,1
PIT_139854,migration,1,1,NA,NA,0.086558045,-0.121989605,NA,LHyb,2,WCT/LHyb,1
PIT_139786,migration,1,1,NA,NA,0.002599653,-0.610304306,NA,WCT,1,WCT/LHyb,1
PIT_134011,migration,1,1,NA,NA,0.022887324,-0.492308144,NA,LHyb,2,WCT/LHyb,1
PIT_133993,migration,1,1,NA,NA,0,-0.625424281,NA,WCT,1,WCT/LHyb,1
PIT_134006,migration,1,1,NA,NA,0,-0.625424281,NA,WCT,1,WCT/LHyb,1
PIT_134062,migration,1,1,NA,NA,0,-0.625424281,NA,WCT,1,WCT/LHyb,1
PIT_139555,migration,1,1,NA,NA,0,-0.625424281,NA,WCT,1,WCT/LHyb,1
PIT_134000,migration,1,1,NA,NA,0,-0.625424281,NA,WCT,1,WCT/LHyb,1
PIT_134063,migration,1,1,NA,NA,0.041594454,-0.383504648,NA,LHyb,2,WCT/LHyb,1
PIT_134047,migration,1,1,NA,NA,0,-0.625424281,NA,WCT,1,WCT/LHyb,1
PIT_134050,migration,1,1,NA,NA,0.00093985,-0.619957971,NA,WCT,1,WCT/LHyb,1
PIT_139648,migration,1,1,NA,NA,0.499121265,2.277540458,NA,LHyb,2,WCT/LHyb,1
PIT_139441,migration,1,1,NA,NA,0.101232394,-0.036641372,NA,LHyb,2,WCT/LHyb,1
PIT_139833,migration,1,1,NA,NA,0.099303136,-0.047862228,NA,LHyb,2,WCT/LHyb,1
PIT_139588,migration,1,1,NA,NA,0.495807128,2.258264936,NA,LHyb,2,WCT/LHyb,1
PIT_139421,migration,1,1,NA,NA,0.496491228,2.262243765,NA,LHyb,2,WCT/LHyb,1
PIT_89621,migration,1,1,NA,NA,0.328947368,1.287783344,NA,LHyb,2,WCT/LHyb,1
PIT_89145,migration,1,1,NA,NA,0.001736111,-0.615326797,NA,WCT,1,WCT/LHyb,1
PIT_89466,migration,1,1,NA,NA,0.002808989,-0.609086776,NA,WCT,1,WCT/LHyb,1
PIT_139389,migration,1,1,NA,NA,0.222608696,0.669301551,NA,LHyb,2,WCT/LHyb,1
PIT_139422,migration,1,1,NA,NA,0.057093426,-0.293360283,NA,LHyb,2,WCT/LHyb,1
PIT_139384,migration,1,1,NA,NA,0.27480916,0.972907342,NA,LHyb,2,WCT/LHyb,1
PIT_139463,migration,1,1,NA,NA,0.132326821,0.144208516,NA,LHyb,2,WCT/LHyb,1
PIT_139418,migration,1,1,NA,NA,0.002202643,-0.612613376,NA,WCT,1,WCT/LHyb,1
PIT_139429,migration,1,1,NA,NA,0.493006993,2.241978927,NA,LHyb,2,WCT/LHyb,1
PIT_615681,migration,1,1,NA,NA,0.492160279,2.237054311,NA,LHyb,2,WCT/LHyb,1
PIT_89106,migration,1,1,NA,NA,0.244347826,0.795739618,NA,LHyb,2,WCT/LHyb,1
PIT_615717,migration,1,1,NA,NA,0.488203267,2.214039731,NA,LHyb,2,WCT/LHyb,1
PIT_615158,migration,1,1,NA,NA,0.300275482,1.121023321,NA,LHyb,2,WCT/LHyb,1
PIT_615144,migration,1,1,NA,NA,0.11987041,0.071760147,NA,LHyb,2,WCT/LHyb,1
PIT_139609,migration,1,1,NA,NA,0,-0.625424281,NA,WCT,1,WCT/LHyb,1
PIT_615659,migration,1,1,NA,NA,0.495682211,2.2575384,NA,LHyb,2,WCT/LHyb,1
PIT_615107,migration,1,1,NA,NA,0.511607143,2.350160212,NA,HHyb,3,HHyb,2
PIT_615112,migration,1,1,NA,NA,0.00262697,-0.610145426,NA,WCT,1,WCT/LHyb,1
PIT_89429,migration,1,1,NA,NA,0,-0.625424281,NA,WCT,1,WCT/LHyb,1
PIT_89329,migration,1,1,NA,NA,0.001779359,-0.61507526,NA,WCT,1,WCT/LHyb,1
PIT_615679,migration,1,1,NA,NA,0.000934579,-0.619988628,NA,WCT,1,WCT/LHyb,1
PIT_89366,migration,1,1,NA,NA,0,-0.625424281,NA,WCT,1,WCT/LHyb,1
PIT_89305,migration,1,1,NA,NA,0,-0.625424281,NA,WCT,1,WCT/LHyb,1
PIT_89319,migration,1,1,NA,NA,0,-0.625424281,NA,WCT,1,WCT/LHyb,1
PIT_89310,migration,1,1,NA,NA,0,-0.625424281,NA,WCT,1,WCT/LHyb,1
PIT_89348,migration,1,1,NA,NA,0.000884956,-0.620277243,NA,WCT,1,WCT/LHyb,1
PIT_89322,migration,1,1,NA,NA,0.014705882,-0.539892648,NA,LHyb,2,WCT/LHyb,1
PIT_89352,migration,1,1,NA,NA,0.292184725,1.073966255,NA,LHyb,2,WCT/LHyb,1
PIT_615205,migration,1,1,NA,NA,0.492766727,2.240581504,NA,LHyb,2,WCT/LHyb,1
PIT_89371,migration,1,1,NA,NA,0.000866551,-0.620384289,NA,WCT,1,WCT/LHyb,1
PIT_89317,migration,1,1,NA,NA,0.000866551,-0.620384289,NA,WCT,1,WCT/LHyb,1
PIT_89389,migration,1,1,NA,NA,0.497076023,2.265645021,NA,LHyb,2,WCT/LHyb,1
PIT_89357,migration,1,1,NA,NA,0.000868056,-0.620375536,NA,WCT,1,WCT/LHyb,1
PIT_10705,migration,1,1,NA,NA,0,-0.625424281,NA,WCT,1,WCT/LHyb,1
PIT_713541,migration,1,1,NA,NA,0.488486842,2.215689046,NA,LHyb,2,WCT/LHyb,1
PIT_89555,migration,1,1,NA,NA,0.010080645,-0.566793725,NA,LHyb,2,WCT/LHyb,1
PIT_89583,migration,1,1,NA,NA,0.527439024,2.442240825,NA,HHyb,3,HHyb,2
PIT_139530,migration,1,1,NA,NA,0.008802817,-0.574225766,NA,LHyb,2,WCT/LHyb,1
PIT_139463,migration,1,1,NA,NA,0.132326821,0.144208516,NA,LHyb,2,WCT/LHyb,1
PIT_89544,migration,1,1,NA,NA,0,-0.625424281,NA,WCT,1,WCT/LHyb,1
PIT_139781,migration,1,1,NA,NA,0.0606469,-0.272692741,NA,LHyb,2,WCT/LHyb,1
MORT_1_041915,migration,1,1,NA,NA,0.024509804,-0.482871555,NA,LHyb,2,WCT/LHyb,1
PIT_713593,migration,1,1,NA,NA,0.001256281,-0.618117561,NA,WCT,1,WCT/LHyb,1
PIT_713534,migration,1,1,NA,NA,0.49742268,2.267661231,NA,LHyb,2,WCT/LHyb,1
PIT_713566,migration,1,1,NA,NA,0.003891051,-0.60279334,NA,WCT,1,WCT/LHyb,1
PIT_89496,migration,1,1,NA,NA,0.000883392,-0.620286339,NA,WCT,1,WCT/LHyb,1
PIT_713582,migration,1,1,NA,NA,0.478346457,2.156711034,NA,LHyb,2,WCT/LHyb,1
PIT_713619,migration,1,1,NA,NA,0.496742671,2.263706195,NA,LHyb,2,WCT/LHyb,1
PIT_713577,migration,1,1,NA,NA,0.498214286,2.272265331,NA,LHyb,2,WCT/LHyb,1
PIT_89194,migration,1,1,NA,NA,0.343053173,1.369824839,NA,LHyb,2,WCT/LHyb,1
PIT_139422,migration,1,1,NA,NA,0.057093426,-0.293360283,NA,LHyb,2,WCT/LHyb,1
PIT_10692,migration,1,1,NA,NA,0,-0.625424281,NA,WCT,1,WCT/LHyb,1
PIT_139418,migration,1,1,NA,NA,0.002202643,-0.612613376,NA,WCT,1,WCT/LHyb,1
PIT_89497,migration,1,1,NA,NA,0,-0.625424281,NA,WCT,1,WCT/LHyb,1
PIT_713507,migration,1,1,NA,NA,0.00140056,-0.617278412,NA,WCT,1,WCT/LHyb,1
PIT_137838,migration,1,1,NA,NA,0.001831502,-0.614771988,NA,WCT,1,WCT/LHyb,1
PIT_89231,migration,1,1,NA,NA,0,-0.625424281,NA,WCT,1,WCT/LHyb,1
PIT_713538,migration,1,1,NA,NA,0.496559633,2.262641619,NA,LHyb,2,WCT/LHyb,1
PIT_615528,migration,1,1,NA,NA,0,-0.625424281,NA,WCT,1,WCT/LHyb,1
PIT_615681,migration,1,1,NA,NA,0.492160279,2.237054311,NA,LHyb,2,WCT/LHyb,1
PIT_713506,migration,1,1,NA,NA,0.494845361,2.252671154,NA,LHyb,2,WCT/LHyb,1
PIT_713515,migration,1,1,NA,NA,0.231958763,0.723682954,NA,LHyb,2,WCT/LHyb,1
PIT_10666,migration,1,1,NA,NA,0.091943958,-0.09066432,NA,LHyb,2,WCT/LHyb,1
PIT_713533,migration,1,1,NA,NA,0.494274809,2.249352737,NA,LHyb,2,WCT/LHyb,1
PIT_139833,migration,1,1,NA,NA,0.099303136,-0.047862228,NA,LHyb,2,WCT/LHyb,1
PIT_89246,migration,1,1,NA,NA,0.787744227,3.956215241,NA,HHyb,3,HHyb,2
PIT_713522,migration,1,1,NA,NA,0.000888099,-0.620258963,NA,WCT,1,WCT/LHyb,1
PIT_713511,migration,1,1,NA,NA,0.49127182,2.231886899,NA,LHyb,2,WCT/LHyb,1
PIT_510700,migration,1,1,NA,NA,0.015799257,-0.533533413,NA,LHyb,2,WCT/LHyb,1
PIT_89271,migration,1,1,NA,NA,0.604753521,2.891913629,NA,HHyb,3,HHyb,2
PIT_89552,migration,1,1,NA,NA,0.096910112,-0.061780418,NA,LHyb,2,WCT/LHyb,1
PIT_615659,migration,1,1,NA,NA,0.495682211,2.2575384,NA,LHyb,2,WCT/LHyb,1
PIT_87698,migration,1,1,NA,NA,0.000892857,-0.62023129,NA,WCT,1,WCT/LHyb,1
PIT_713545,migration,1,1,NA,NA,0.512522361,2.355483258,NA,HHyb,3,HHyb,2
PIT_713531,migration,1,1,NA,NA,0.49535316,2.255624589,NA,LHyb,2,WCT/LHyb,1
PIT_89348,migration,1,1,NA,NA,0.000884956,-0.620277243,NA,WCT,1,WCT/LHyb,1
PIT_713568,migration,1,1,NA,NA,0.495446266,2.256166108,NA,LHyb,2,WCT/LHyb,1
PIT_89542,migration,1,1,NA,NA,0.26899384,0.939084561,NA,LHyb,2,WCT/LHyb,1
PIT_713527,migration,1,1,NA,NA,0.493946731,2.247444586,NA,LHyb,2,WCT/LHyb,1
PIT_713591,migration,1,1,NA,NA,0.519930676,2.398571138,NA,HHyb,3,HHyb,2
PIT_89190,migration,1,1,NA,NA,0.244623656,0.797343887,NA,LHyb,2,WCT/LHyb,1
PIT_10687,migration,1,1,NA,NA,0.147787611,0.234130808,NA,LHyb,2,WCT/LHyb,1
PIT_713572,migration,1,1,NA,NA,0.578583765,2.739706372,NA,HHyb,3,HHyb,2
PIT_89205,migration,1,1,NA,NA,0.021169355,-0.502300112,NA,LHyb,2,WCT/LHyb,1
PIT_713549,migration,1,1,NA,NA,0,-0.625424281,NA,WCT,1,WCT/LHyb,1
PIT_713550,migration,1,1,NA,NA,0.010714286,-0.563108374,NA,LHyb,2,WCT/LHyb,1
PIT_89247,migration,1,1,NA,NA,0.001420455,-0.6171627,NA,WCT,1,WCT/LHyb,1
PIT_87706,migration,1,1,NA,NA,0.003565062,-0.604689341,NA,WCT,1,WCT/LHyb,1
PIT_713576,migration,1,1,NA,NA,0.493127148,2.242677767,NA,LHyb,2,WCT/LHyb,1
PIT_87732,migration,1,1,NA,NA,0.247454175,0.813806613,NA,LHyb,2,WCT/LHyb,1
PIT_87703,migration,1,1,NA,NA,0.425120773,1.847142408,NA,LHyb,2,WCT/LHyb,1
PIT_87710,migration,1,1,NA,NA,0.58056042,2.751202896,NA,HHyb,3,HHyb,2
PIT_713561,migration,1,1,NA,NA,0.327288428,1.278134699,NA,LHyb,2,WCT/LHyb,1
PIT_713575,migration,1,1,NA,NA,0.054945055,-0.305855534,NA,LHyb,2,WCT/LHyb,1
PIT_87730,migration,1,1,NA,NA,0.001470588,-0.616871119,NA,WCT,1,WCT/LHyb,1
PIT_89273,migration,1,1,NA,NA,0.000860585,-0.620418988,NA,WCT,1,WCT/LHyb,1
PIT_87729,migration,1,1,NA,NA,0.002590674,-0.610356529,NA,WCT,1,WCT/LHyb,1
PIT_87726,migration,1,1,NA,NA,0.012310606,-0.553823935,NA,LHyb,2,WCT/LHyb,1
PIT_87756,migration,1,1,NA,NA,0.001108647,-0.618976222,NA,WCT,1,WCT/LHyb,1
PIT_87782,migration,1,1,NA,NA,0.011304348,-0.559676484,NA,LHyb,2,WCT/LHyb,1
PIT_139092,migration,1,1,NA,NA,0,-0.625424281,NA,WCT,1,WCT/LHyb,1
PIT_713538,migration,1,1,NA,NA,0.496559633,2.262641619,NA,LHyb,2,WCT/LHyb,1
PIT_253885,migration,1,1,NA,NA,0.291262136,1.068600338,NA,LHyb,2,WCT/LHyb,1
PIT_253922,migration,1,1,NA,NA,0.491604478,2.233821688,NA,LHyb,2,WCT/LHyb,1
PIT_96032,migration,1,1,NA,NA,0.125892857,0.106787609,NA,LHyb,2,WCT/LHyb,1
PIT_253853,migration,1,1,NA,NA,0.250892857,0.833806508,NA,LHyb,2,WCT/LHyb,1
PIT_96050,migration,1,1,NA,NA,0.036206897,-0.414839494,NA,LHyb,2,WCT/LHyb,1
PIT_89348,migration,1,1,NA,NA,0.000884956,-0.620277243,NA,WCT,1,WCT/LHyb,1
PIT_89542,migration,1,1,NA,NA,0.26899384,0.939084561,NA,LHyb,2,WCT/LHyb,1
PIT_713511,migration,1,1,NA,NA,0.49127182,2.231886899,NA,LHyb,2,WCT/LHyb,1
PIT_253873,migration,1,1,NA,NA,0.076241135,-0.181994313,NA,LHyb,2,WCT/LHyb,1
PIT_253856,migration,1,1,NA,NA,0.497835498,2.270062242,NA,LHyb,2,WCT/LHyb,1
PIT_713572,migration,1,1,NA,NA,0.578583765,2.739706372,NA,HHyb,3,HHyb,2
PIT_96059,migration,1,1,NA,NA,0.236185383,0.748265615,NA,LHyb,2,WCT/LHyb,1
PIT_79013,migration,1,1,NA,NA,0.244648318,0.797487325,NA,LHyb,2,WCT/LHyb,1
PIT_96124,migration,1,1,NA,NA,0,-0.625424281,NA,WCT,1,WCT/LHyb,1
PIT_96121,migration,1,1,NA,NA,0.22417154,0.678391288,NA,LHyb,2,WCT/LHyb,1
PIT_253865,migration,1,1,NA,NA,0.51171875,2.350809335,NA,HHyb,3,HHyb,2
PIT_254088,migration,1,1,NA,NA,0.493738819,2.246235338,NA,LHyb,2,WCT/LHyb,1
PIT_713544,migration,1,1,NA,NA,0.109841828,0.013432398,NA,LHyb,2,WCT/LHyb,1
PIT_254110,migration,1,1,NA,NA,0.331119545,1.300417054,NA,LHyb,2,WCT/LHyb,1
PIT_254134,migration,1,1,NA,NA,0.187170475,0.4631875,NA,LHyb,2,WCT/LHyb,1
PIT_254097,migration,1,1,NA,NA,0.541825095,2.525912389,NA,HHyb,3,HHyb,2
PIT_510671,migration,1,1,NA,NA,0,-0.625424281,NA,WCT,1,WCT/LHyb,1
PIT_254077,migration,1,1,NA,NA,0,-0.625424281,NA,WCT,1,WCT/LHyb,1
PIT_96099,migration,1,1,NA,NA,0,-0.625424281,NA,WCT,1,WCT/LHyb,1
PIT_254107,migration,1,1,NA,NA,0,-0.625424281,NA,WCT,1,WCT/LHyb,1
PIT_96333,migration,1,1,NA,NA,0,-0.625424281,NA,WCT,1,WCT/LHyb,1
PIT_615681,migration,1,1,NA,NA,0.492160279,2.237054311,NA,LHyb,2,WCT/LHyb,1
PIT_7442267,migration,1,1,NA,NA,0,-0.625424281,NA,WCT,1,WCT/LHyb,1
PIT_96415,migration,1,1,NA,NA,0,-0.625424281,NA,WCT,1,WCT/LHyb,1
PIT_96106,migration,1,1,NA,NA,0.257042254,0.86957233,NA,LHyb,2,WCT/LHyb,1
PIT_133983,migration,1,1,NA,NA,0.001883239,-0.614471078,NA,WCT,1,WCT/LHyb,1
PIT_96379,migration,1,1,NA,NA,0.032685512,-0.435320401,NA,LHyb,2,WCT/LHyb,1
PIT_713591,migration,1,1,NA,NA,0.519930676,2.398571138,NA,HHyb,3,HHyb,2
PIT_96391,migration,1,1,NA,NA,0.001733102,-0.615344298,NA,WCT,1,WCT/LHyb,1
PIT_713550,migration,1,1,NA,NA,0.010714286,-0.563108374,NA,LHyb,2,WCT/LHyb,1
PIT_254058,migration,1,1,NA,NA,0.248245614,0.818409742,NA,LHyb,2,WCT/LHyb,1
PIT_254106,migration,1,1,NA,NA,0.510128913,2.341562603,NA,HHyb,3,HHyb,2
PIT_96370,migration,1,1,NA,NA,0.297682709,1.105943361,NA,LHyb,2,WCT/LHyb,1
PIT_87728,migration,1,1,NA,NA,0,-0.625424281,NA,WCT,1,WCT/LHyb,1
PIT_96033,migration,1,1,NA,NA,0.001157407,-0.618692627,NA,WCT,1,WCT/LHyb,1
PIT_713531,migration,1,1,NA,NA,0.49535316,2.255624589,NA,LHyb,2,WCT/LHyb,1
PIT_254136,migration,1,1,NA,NA,0.00173913,-0.615309238,NA,WCT,1,WCT/LHyb,1
PIT_254057,migration,1,1,NA,NA,0.022429907,-0.494968551,NA,LHyb,2,WCT/LHyb,1
PIT_96357,migration,1,1,NA,NA,0.00448833,-0.599319475,NA,WCT,1,WCT/LHyb,1
PIT_7443068,migration,1,1,NA,NA,0.006108202,-0.589898055,NA,LHyb,2,WCT/LHyb,1
PIT_7416981,migration,1,1,NA,NA,0.520295203,2.400691282,NA,HHyb,3,HHyb,2
PIT_254062,migration,1,1,NA,NA,0,-0.625424281,NA,WCT,1,WCT/LHyb,1
PIT_96384,migration,1,1,NA,NA,0.011504425,-0.558512806,NA,LHyb,2,WCT/LHyb,1
PIT_96388,migration,1,1,NA,NA,0.266784452,0.926234427,NA,LHyb,2,WCT/LHyb,1
PIT_254128,migration,1,1,NA,NA,0.517475728,2.38429279,NA,HHyb,3,HHyb,2
PIT_96420,migration,1,1,NA,NA,0.022648084,-0.4936996,NA,LHyb,2,WCT/LHyb,1
PIT_96412,migration,1,1,NA,NA,0.119964974,0.072310145,NA,LHyb,2,WCT/LHyb,1
PIT_96374,migration,1,1,NA,NA,0.000868056,-0.620375536,NA,WCT,1,WCT/LHyb,1
PIT_96424,migration,1,1,NA,NA,0.02,-0.509101257,NA,LHyb,2,WCT/LHyb,1
PIT_254054,migration,1,1,NA,NA,0,-0.625424281,NA,WCT,1,WCT/LHyb,1
PIT_139634,migration,1,1,NA,NA,0.684724689,0.910320056,NA,HHyb,3,HHyb,2
PIT_139610,migration,1,1,NA,NA,0.8671875,1.473137649,NA,HHyb,3,HHyb,2
PIT_139598,migration,1,1,NA,NA,0.312829525,-0.236813103,NA,LHyb,2,WCT/LHyb,1
PIT_139614,migration,1,1,NA,NA,0,-1.201754721,NA,WCT,1,WCT/LHyb,1
PIT_139678,migration,1,1,NA,NA,0.025173611,-1.124105193,NA,LHyb,2,WCT/LHyb,1
PIT_139605,migration,1,1,NA,NA,0,-1.201754721,NA,WCT,1,WCT/LHyb,1
PIT_139654,migration,1,1,NA,NA,0.849220104,1.417716127,NA,HHyb,3,HHyb,2
PIT_139584,migration,1,1,NA,NA,0.540035587,0.464017757,NA,HHyb,3,HHyb,2
PIT_139653,migration,1,1,NA,NA,0.168402778,-0.682306152,NA,LHyb,2,WCT/LHyb,1
PIT_139626,migration,1,1,NA,NA,0.039335664,-1.080421482,NA,LHyb,2,WCT/LHyb,1
PIT_139819,migration,1,1,NA,NA,0.134446397,-0.787046666,NA,LHyb,2,WCT/LHyb,1
PIT_139873,migration,1,1,NA,NA,0.283854167,-0.32618935,NA,LHyb,2,WCT/LHyb,1
PIT_139593,migration,1,1,NA,NA,0.866258741,1.470272835,NA,HHyb,3,HHyb,2
PIT_139660,migration,1,1,NA,NA,0.265679443,-0.382250387,NA,LHyb,2,WCT/LHyb,1
PIT_139853,migration,1,1,NA,NA,0,-1.201754721,NA,WCT,1,WCT/LHyb,1
PIT_139629,migration,1,1,NA,NA,0,-1.201754721,NA,WCT,1,WCT/LHyb,1
PIT_139415,migration,1,1,NA,NA,0.891418564,1.547879833,NA,HHyb,3,HHyb,2
PIT_139645,migration,1,1,NA,NA,0.331293706,-0.179859218,NA,LHyb,2,WCT/LHyb,1
PIT_139822,migration,1,1,NA,NA,0.729020979,1.046954646,NA,HHyb,3,HHyb,2
PIT_139869,migration,1,1,NA,NA,0.493870403,0.321618451,NA,LHyb,2,WCT/LHyb,1
PIT_139442,migration,1,1,NA,NA,0.770506108,1.174918039,NA,HHyb,3,HHyb,2
PIT_133988,migration,1,1,NA,NA,0.00779896,-1.177698356,NA,LHyb,2,WCT/LHyb,1
PIT_139508,migration,1,1,NA,NA,0.499125874,0.33782927,NA,LHyb,2,WCT/LHyb,1
PIT_139573,migration,1,1,NA,NA,0.356630824,-0.101705343,NA,LHyb,2,WCT/LHyb,1
PIT_139565,migration,1,1,NA,NA,0.257391304,-0.407815653,NA,LHyb,2,WCT/LHyb,1
PIT_139538,migration,1,1,NA,NA,0.271853147,-0.363207223,NA,LHyb,2,WCT/LHyb,1
PIT_139581,migration,1,1,NA,NA,0.751736111,1.117020846,NA,HHyb,3,HHyb,2
PIT_139406,migration,1,1,NA,NA,0.889565217,1.542163072,NA,HHyb,3,HHyb,2
PIT_139461,migration,1,1,NA,NA,0.930051813,1.66704643,NA,HHyb,3,HHyb,2
PIT_89184,migration,1,1,NA,NA,0.847487002,1.412370269,NA,HHyb,3,HHyb,2
PIT_89169,migration,1,1,NA,NA,0.675043328,0.880457312,NA,HHyb,3,HHyb,2
PIT_139440,migration,1,1,NA,NA,0.999090909,1.880001703,NA,HHyb,3,HHyb,2
PIT_89185,migration,1,1,NA,NA,0.442608696,0.163498611,NA,LHyb,2,WCT/LHyb,1
PIT_89180,migration,1,1,NA,NA,0,-1.201754721,NA,WCT,1,WCT/LHyb,1
PIT_615740,migration,1,1,NA,NA,0.9921875,1.85870772,NA,HHyb,3,HHyb,2
PIT_615547,migration,1,1,NA,NA,0.774782609,1.188109165,NA,HHyb,3,HHyb,2
PIT_139403,migration,1,1,NA,NA,0,-1.201754721,NA,WCT,1,WCT/LHyb,1
PIT_139657,migration,1,1,NA,NA,0.24567474,-0.443956105,NA,LHyb,2,WCT/LHyb,1
PIT_615219,migration,1,1,NA,NA,0.927689594,1.659760022,NA,HHyb,3,HHyb,2
PIT_89175,migration,1,1,NA,NA,0.907599309,1.597790321,NA,HHyb,3,HHyb,2
PIT_615110,migration,1,1,NA,NA,0.013888889,-1.158913601,NA,LHyb,2,WCT/LHyb,1
PIT_615133,migration,1,1,NA,NA,0.316521739,-0.225424245,NA,LHyb,2,WCT/LHyb,1
PIT_713514,migration,1,1,NA,NA,0.406909789,0.05338317,NA,LHyb,2,WCT/LHyb,1
PIT_713571,migration,1,1,NA,NA,0.233962264,-0.480083946,NA,LHyb,2,WCT/LHyb,1
PIT_713529,migration,1,1,NA,NA,0.712053571,0.994617648,NA,HHyb,3,HHyb,2
PIT_89216,migration,1,1,NA,NA,0.093023256,-0.914818853,NA,LHyb,2,WCT/LHyb,1
PIT_89202,migration,1,1,NA,NA,0.314759036,-0.230861409,NA,LHyb,2,WCT/LHyb,1
PIT_89262,migration,1,1,NA,NA,0.862344583,1.458199378,NA,HHyb,3,HHyb,2
PIT_713537,migration,1,1,NA,NA,0.481060606,0.282105856,NA,LHyb,2,WCT/LHyb,1
PIT_713639,migration,1,1,NA,NA,0.984070796,1.833671255,NA,HHyb,3,HHyb,2
PIT_89243,migration,1,1,NA,NA,0.027777778,-1.116072482,NA,LHyb,2,WCT/LHyb,1
PIT_89230,migration,1,1,NA,NA,0.022727273,-1.13165107,NA,LHyb,2,WCT/LHyb,1
PIT_89229,migration,1,1,NA,NA,0.000862069,-1.199095617,NA,WCT,1,WCT/LHyb,1
PIT_87704,migration,1,1,NA,NA,0.977485929,1.813359834,NA,HHyb,3,HHyb,2
PIT_87702,migration,1,1,NA,NA,0.106145251,-0.874343265,NA,LHyb,2,WCT/LHyb,1
PIT_713502,migration,1,1,NA,NA,0.510223048,0.372059175,NA,HHyb,3,HHyb,2
PIT_713510,migration,1,1,NA,NA,0.002599653,-1.193735933,NA,WCT,1,WCT/LHyb,1
PIT_87687,migration,1,1,NA,NA,0.813148789,1.306451971,NA,HHyb,3,HHyb,2
PIT_89283,migration,1,1,NA,NA,0.001996008,-1.195597913,NA,WCT,1,WCT/LHyb,1
PIT_615059,migration,1,1,NA,NA,0.03362069,-1.098049666,NA,LHyb,2,WCT/LHyb,1
PIT_87700,migration,1,1,NA,NA,0.488754325,0.305837599,NA,LHyb,2,WCT/LHyb,1
PIT_87697,migration,1,1,NA,NA,0.858047016,1.444943272,NA,HHyb,3,HHyb,2
PIT_87721,migration,1,1,NA,NA,0.985344828,1.837601084,NA,HHyb,3,HHyb,2
PIT_713578,migration,1,1,NA,NA,0.629666012,0.740488232,NA,HHyb,3,HHyb,2
PIT_89249,migration,1,1,NA,NA,0.27734375,-0.346271125,NA,LHyb,2,WCT/LHyb,1
PIT_713501,migration,1,1,NA,NA,0.597806216,0.642214762,NA,HHyb,3,HHyb,2
PIT_87744,migration,1,1,NA,NA,0.994318182,1.865279937,NA,HHyb,3,HHyb,2
PIT_87717,migration,1,1,NA,NA,0.183139535,-0.636849732,NA,LHyb,2,WCT/LHyb,1
PIT_87739,migration,1,1,NA,NA,0,-1.201754721,NA,WCT,1,WCT/LHyb,1
PIT_713548,migration,1,1,NA,NA,0.461538462,0.221888621,NA,LHyb,2,WCT/LHyb,1
PIT_96051,migration,1,1,NA,NA,0.976744186,1.811071882,NA,HHyb,3,HHyb,2
PIT_713518,migration,1,1,NA,NA,0.579861111,0.586861998,NA,HHyb,3,HHyb,2
PIT_96046,migration,1,1,NA,NA,0.962135922,1.766011807,NA,HHyb,3,HHyb,2
PIT_254023,migration,1,1,NA,NA,0.960207612,1.760063818,NA,HHyb,3,HHyb,2
PIT_96112,migration,1,1,NA,NA,0.263716814,-0.388304235,NA,LHyb,2,WCT/LHyb,1
PIT_96107,migration,1,1,NA,NA,0.880035026,1.512766621,NA,HHyb,3,HHyb,2
PIT_96114,migration,1,1,NA,NA,0.006118881,-1.182880662,NA,LHyb,2,WCT/LHyb,1
PIT_253998,migration,1,1,NA,NA,0.951923077,1.734509668,NA,HHyb,3,HHyb,2
PIT_253870,migration,1,1,NA,NA,0.493727599,0.321177963,NA,LHyb,2,WCT/LHyb,1
PIT_254006,migration,1,1,NA,NA,0.391866913,0.006982508,NA,LHyb,2,WCT/LHyb,1
PIT_96123,migration,1,1,NA,NA,0.253937008,-0.418470639,NA,LHyb,2,WCT/LHyb,1
PIT_254003,migration,1,1,NA,NA,0.404233871,0.045129139,NA,LHyb,2,WCT/LHyb,1
PIT_96126,migration,1,1,NA,NA,0.17464539,-0.663050437,NA,LHyb,2,WCT/LHyb,1
PIT_96108,migration,1,1,NA,NA,0.410211268,0.063566782,NA,LHyb,2,WCT/LHyb,1
PIT_253875,migration,1,1,NA,NA,0.115853659,-0.844397092,NA,LHyb,2,WCT/LHyb,1
PIT_253892,migration,1,1,NA,NA,0.987804878,1.845189257,NA,HHyb,3,HHyb,2
PIT_253898,migration,1,1,NA,NA,0,-1.201754721,NA,WCT,1,WCT/LHyb,1
PIT_96061,migration,1,1,NA,NA,0.040069686,-1.078157347,NA,LHyb,2,WCT/LHyb,1
PIT_96053,migration,1,1,NA,NA,0.000866551,-1.199081792,NA,WCT,1,WCT/LHyb,1
PIT_253981,migration,1,1,NA,NA,0.838768116,1.385476337,NA,HHyb,3,HHyb,2
PIT_253975,migration,1,1,NA,NA,0.357773852,-0.098179604,NA,LHyb,2,WCT/LHyb,1
PIT_96128,migration,1,1,NA,NA,0.954054054,1.741082796,NA,HHyb,3,HHyb,2
PIT_253924,migration,1,1,NA,NA,0.487547893,0.302116286,NA,LHyb,2,WCT/LHyb,1
PIT_713571,migration,1,1,NA,NA,0.233962264,-0.480083946,NA,LHyb,2,WCT/LHyb,1
PIT_253890,migration,1,1,NA,NA,0.751082251,1.115003976,NA,HHyb,3,HHyb,2
PIT_96069,migration,1,1,NA,NA,0.383977901,-0.017351628,NA,LHyb,2,WCT/LHyb,1
PIT_253976,migration,1,1,NA,NA,0.995395948,1.868604372,NA,HHyb,3,HHyb,2
PIT_254132,migration,1,1,NA,NA,0.998191682,1.877227983,NA,HHyb,3,HHyb,2
PIT_254000,migration,1,1,NA,NA,0.004332756,-1.188390072,NA,WCT,1,WCT/LHyb,1
PIT_96043,migration,1,1,NA,NA,0.972996516,1.799511967,NA,HHyb,3,HHyb,2
PIT_253848,migration,1,1,NA,NA,0.387429644,-0.006704517,NA,LHyb,2,WCT/LHyb,1
PIT_96110,migration,1,1,NA,NA,0,-1.201754721,NA,WCT,1,WCT/LHyb,1
PIT_254051,migration,1,1,NA,NA,0.490299824,0.310604784,NA,LHyb,2,WCT/LHyb,1
PIT_254052,migration,1,1,NA,NA,0.477223427,0.270269845,NA,LHyb,2,WCT/LHyb,1
PIT_96118,migration,1,1,NA,NA,0.110820244,-0.859922966,NA,LHyb,2,WCT/LHyb,1
PIT_254121,migration,1,1,NA,NA,0.693078324,0.936087349,NA,HHyb,3,HHyb,2
PIT_96073,migration,1,1,NA,NA,0.000865052,-1.199086415,NA,WCT,1,WCT/LHyb,1
PIT_7445094,migration,1,1,NA,NA,0.18040293,-0.645290956,NA,LHyb,2,WCT/LHyb,1
PIT_7421618,migration,1,1,NA,NA,0.494604317,0.323882253,NA,LHyb,2,WCT/LHyb,1
PIT_87739,migration,1,1,NA,NA,0,-1.201754721,NA,WCT,1,WCT/LHyb,1
PIT_254074,migration,1,1,NA,NA,0.988616462,1.847692637,NA,HHyb,3,HHyb,2
PIT_254091,migration,1,1,NA,NA,0.742857143,1.089633132,NA,HHyb,3,HHyb,2
PIT_96340,migration,1,1,NA,NA,0.616258741,0.699132693,NA,HHyb,3,HHyb,2
PIT_96373,migration,1,1,NA,NA,0.711330935,0.992388634,NA,HHyb,3,HHyb,2
PIT_96392,migration,1,1,NA,NA,0.242481203,-0.453806763,NA,LHyb,2,WCT/LHyb,1
PIT_713406,migration,1,1,NA,NA,0.113970588,-0.850205539,NA,LHyb,2,WCT/LHyb,1
PIT_96350,migration,1,1,NA,NA,0.777027027,1.195032209,NA,HHyb,3,HHyb,2
PIT_254094,migration,1,1,NA,NA,0.999136442,1.880142152,NA,HHyb,3,HHyb,2
PIT_254133,migration,1,1,NA,NA,0.106514085,-0.873205574,NA,LHyb,2,WCT/LHyb,1
PIT_254043,migration,1,1,NA,NA,0.996409336,1.871730229,NA,HHyb,3,HHyb,2
PIT_96372,migration,1,1,NA,NA,0.015570934,-1.153725232,NA,LHyb,2,WCT/LHyb,1
PIT_96359,migration,1,1,NA,NA,0.370938628,-0.057572055,NA,LHyb,2,WCT/LHyb,1
PIT_96356,migration,1,1,NA,NA,0.677361854,0.887608946,NA,HHyb,3,HHyb,2
PIT_96408,migration,1,1,NA,NA,0.148506151,-0.743678503,NA,LHyb,2,WCT/LHyb,1
PIT_96423,migration,1,1,NA,NA,0.18728223,-0.624071339,NA,LHyb,2,WCT/LHyb,1
PIT_96352,migration,1,1,NA,NA,0.435166994,0.14054423,NA,LHyb,2,WCT/LHyb,1
PIT_96405,migration,1,1,NA,NA,0.879188713,1.510156117,NA,HHyb,3,HHyb,2
PIT_96339,migration,1,1,NA,NA,0.001745201,-1.196371542,NA,WCT,1,WCT/LHyb,1
PIT_96382,migration,1,1,NA,NA,0.487603306,0.302287211,NA,LHyb,2,WCT/LHyb,1
PIT_254200,migration,1,1,NA,NA,0.624203822,0.723639776,NA,HHyb,3,HHyb,2
PIT_254194,migration,1,1,NA,NA,0.025471698,-1.123185725,NA,LHyb,2,WCT/LHyb,1
PIT_10606,migration,0,0,0,NA,0,-1.201754721,NA,WCT,1,WCT/LHyb,1
PIT_10594,migration,0,0,0,NA,0,-1.201754721,NA,WCT,1,WCT/LHyb,1
PIT_01667,migration,0,0,0,NA,0.354982206,-0.106790605,NA,LHyb,2,WCT/LHyb,1
PIT_01636,migration,0,0,0,NA,0.005263158,-1.185520191,NA,LHyb,2,WCT/LHyb,1
PIT_01368,migration,0,0,0,NA,0.007306889,-1.179216179,NA,LHyb,2,WCT/LHyb,1
PIT_10622,migration,0,0,0,NA,0.378846154,-0.033180812,NA,LHyb,2,WCT/LHyb,1
PIT_10627,migration,0,0,0,NA,0.445407279,0.17213101,NA,LHyb,2,WCT/LHyb,1
PIT_10614,migration,0,0,0,NA,0.933275563,1.676990282,NA,HHyb,3,HHyb,2
PIT_10631,migration,0,0,0,NA,0.000878735,-1.199044209,NA,WCT,1,WCT/LHyb,1
PIT_10612,migration,0,0,0,NA,0.024347826,-1.126652377,NA,LHyb,2,WCT/LHyb,1
PIT_01517,migration,0,0,0,NA,0.682692308,0.904051054,NA,HHyb,3,HHyb,2
PIT_01521,migration,0,0,0,NA,0.944567627,1.711821337,NA,HHyb,3,HHyb,2
PIT_89383,migration,0,0,0,NA,0.30418251,-0.263485344,NA,LHyb,2,WCT/LHyb,1
PIT_501404,migration,0,0,0,NA,0.195009242,-0.600236902,NA,LHyb,2,WCT/LHyb,1
PIT_89341,migration,0,0,0,NA,0.078389831,-0.959956539,NA,LHyb,2,WCT/LHyb,1
PIT_89353,migration,0,0,0,NA,0.050185874,-1.046953353,NA,LHyb,2,WCT/LHyb,1
PIT_139331,migration,0,0,0,NA,0.076628352,-0.965389928,NA,LHyb,2,WCT/LHyb,1
PIT_89315,migration,0,0,0,NA,0.03030303,-1.108283189,NA,LHyb,2,WCT/LHyb,1
PIT_139049,migration,0,0,0,NA,0.045060659,-1.062762389,NA,LHyb,2,WCT/LHyb,1
PIT_89117,migration,0,0,0,NA,0.817097416,1.31863175,NA,HHyb,3,HHyb,2
PIT_139048,migration,0,0,0,NA,0.204703833,-0.570333349,NA,LHyb,2,WCT/LHyb,1
PIT_615582,migration,0,0,0,NA,0.056866953,-1.02634516,NA,LHyb,2,WCT/LHyb,1
PIT_139965,migration,0,0,0,NA,0.772836538,1.182106391,NA,HHyb,3,HHyb,2
PIT_89349,migration,0,0,0,NA,0,-1.201754721,NA,WCT,1,WCT/LHyb,1
PIT_615172,migration,0,0,0,NA,0.995479204,1.86886118,NA,HHyb,3,HHyb,2
PIT_139274,migration,0,0,0,NA,0.550561798,0.496486493,NA,HHyb,3,HHyb,2
PIT_139230,migration,0,0,0,NA,0.784644195,1.218527825,NA,HHyb,3,HHyb,2
PIT_615550,migration,0,0,0,NA,0.687777778,0.919737494,NA,HHyb,3,HHyb,2
PIT_615120,migration,0,0,0,NA,0.75464684,1.125999166,NA,HHyb,3,HHyb,2
PIT_615232,migration,0,0,0,NA,0.726470588,1.03908781,NA,HHyb,3,HHyb,2
PIT_139075,migration,0,0,0,NA,0.000874126,-1.199058426,NA,WCT,1,WCT/LHyb,1
PIT_590763,migration,0,0,0,NA,0.125,-0.816184649,NA,LHyb,2,WCT/LHyb,1
PIT_615111,migration,0,0,0,NA,0.001876173,-1.195967551,NA,WCT,1,WCT/LHyb,1
PIT_615597,migration,0,0,0,NA,0.111418048,-0.858079003,NA,LHyb,2,WCT/LHyb,1
PIT_87809,migration,0,0,0,NA,0.463438735,0.227750128,NA,LHyb,2,WCT/LHyb,1
PIT_87803,migration,0,0,0,NA,0.432637571,0.132742072,NA,LHyb,2,WCT/LHyb,1
PIT_87810,migration,0,0,0,NA,0.107223476,-0.871017414,NA,LHyb,2,WCT/LHyb,1
PIT_615036,migration,0,0,0,NA,0.537523452,0.456268925,NA,HHyb,3,HHyb,2
PIT_615897,migration,0,0,0,NA,0.004918033,-1.18658475,NA,WCT,1,WCT/LHyb,1
PIT_87814,migration,0,0,0,NA,0.166961131,-0.686752999,NA,LHyb,2,WCT/LHyb,1
PIT_87784,migration,0,0,0,NA,0.377952756,-0.035936552,NA,LHyb,2,WCT/LHyb,1
PIT_89499,migration,0,0,0,NA,0.398710866,0.028093095,NA,LHyb,2,WCT/LHyb,1
PIT_89532,migration,0,0,0,NA,0,-1.201754721,NA,WCT,1,WCT/LHyb,1
PIT_87781,migration,0,0,0,NA,0.091578947,-0.919273912,NA,LHyb,2,WCT/LHyb,1
PIT_615796,migration,0,0,0,NA,0.437719298,0.148416967,NA,LHyb,2,WCT/LHyb,1
PIT_87750,migration,0,0,0,NA,0.229787234,-0.492962079,NA,LHyb,2,WCT/LHyb,1
PIT_135980,migration,0,0,0,NA,0.537604457,0.45651879,NA,HHyb,3,HHyb,2
PIT_87795,migration,0,0,0,NA,0.304109589,-0.263710273,NA,LHyb,2,WCT/LHyb,1
PIT_615130,migration,0,0,0,NA,0.001988072,-1.195622392,NA,WCT,1,WCT/LHyb,1
PIT_615680,migration,0,0,0,NA,0.000865052,-1.199086415,NA,WCT,1,WCT/LHyb,1
PIT_87817,migration,0,0,0,NA,0.473502304,0.258791816,NA,LHyb,2,WCT/LHyb,1
PIT_87767,migration,0,0,0,NA,0.526173285,0.421258647,NA,HHyb,3,HHyb,2
PIT_87819,migration,0,0,0,NA,0.160852713,-0.705594785,NA,LHyb,2,WCT/LHyb,1
PIT_615900,migration,0,0,0,NA,0.008078995,-1.176834571,NA,LHyb,2,WCT/LHyb,1
PIT_87789,migration,0,0,0,NA,0.394444444,0.014933058,NA,LHyb,2,WCT/LHyb,1
PIT_87752,migration,0,0,0,NA,0.449074074,0.183441461,NA,LHyb,2,WCT/LHyb,1
PIT_87801,migration,0,0,0,NA,0.365248227,-0.075124441,NA,LHyb,2,WCT/LHyb,1
PIT_615535,migration,0,0,0,NA,0.366388309,-0.071607789,NA,LHyb,2,WCT/LHyb,1
PIT_615572,migration,0,0,0,NA,0.400530504,0.033705879,NA,LHyb,2,WCT/LHyb,1
PIT_87759,migration,0,0,0,NA,0.369017632,-0.063497483,NA,LHyb,2,WCT/LHyb,1
PIT_615939,migration,0,0,0,NA,0.000865052,-1.199086415,NA,WCT,1,WCT/LHyb,1
PIT_87805,migration,0,0,0,NA,0.428030303,0.118530675,NA,LHyb,2,WCT/LHyb,1
PIT_615943,migration,0,0,0,NA,0.159594096,-0.709477065,NA,LHyb,2,WCT/LHyb,1
PIT_89574,migration,0,0,0,NA,0,-1.201754721,NA,WCT,1,WCT/LHyb,1
PIT_615180,migration,0,0,0,NA,0,-1.201754721,NA,WCT,1,WCT/LHyb,1
PIT_615691,migration,0,0,0,NA,0.403225806,0.042019701,NA,LHyb,2,WCT/LHyb,1
PIT_87777,migration,0,0,0,NA,0.05234657,-1.040288555,NA,LHyb,2,WCT/LHyb,1
PIT_87775,migration,0,0,0,NA,0,-1.201754721,NA,WCT,1,WCT/LHyb,1
PIT_615676,migration,0,0,0,NA,0.380415945,-0.028338697,NA,LHyb,2,WCT/LHyb,1
PIT_615969,migration,0,0,0,NA,0.298311445,-0.281595,NA,LHyb,2,WCT/LHyb,1
PIT_87811,migration,0,0,0,NA,0.001785714,-1.196246578,NA,WCT,1,WCT/LHyb,1
PIT_615942,migration,0,0,0,NA,0.114606742,-0.848243283,NA,LHyb,2,WCT/LHyb,1
PIT_615793,migration,0,0,0,NA,0.437242798,0.146947174,NA,LHyb,2,WCT/LHyb,1
PIT_87785,migration,0,0,0,NA,0.133512545,-0.789927189,NA,LHyb,2,WCT/LHyb,1
PIT_87766,migration,0,0,0,NA,0.129699248,-0.801689534,NA,LHyb,2,WCT/LHyb,1
PIT_87802,migration,0,0,0,NA,0.0025,-1.194043319,NA,WCT,1,WCT/LHyb,1
PIT_87792,migration,0,0,0,NA,0.013636364,-1.15969253,NA,LHyb,2,WCT/LHyb,1
PIT_615102,migration,0,0,0,NA,0.175600739,-0.660103605,NA,LHyb,2,WCT/LHyb,1
PIT_224010,migration,0,0,0,NA,0.010060362,-1.170722925,NA,LHyb,2,WCT/LHyb,1
PIT_254133,migration,0,0,0,NA,0.106514085,-0.873205574,NA,LHyb,2,WCT/LHyb,1
PIT_87810,migration,0,0,0,NA,0.107223476,-0.871017414,NA,LHyb,2,WCT/LHyb,1
PIT_96129,migration,0,0,0,NA,0.611702128,0.685077544,NA,HHyb,3,HHyb,2
PIT_713441,migration,0,0,0,NA,0.623157895,0.720413551,NA,HHyb,3,HHyb,2
PIT_615796,migration,0,0,0,NA,0.437719298,0.148416967,NA,LHyb,2,WCT/LHyb,1
PIT_96207,migration,0,0,0,NA,0.435714286,0.142232386,NA,LHyb,2,WCT/LHyb,1
PIT_96144,migration,0,0,0,NA,0.24904943,-0.433546669,NA,LHyb,2,WCT/LHyb,1
PIT_96195,migration,0,0,0,NA,0.086142322,-0.936043511,NA,LHyb,2,WCT/LHyb,1
PIT_713499,migration,0,0,0,NA,0.559322034,0.523507971,NA,HHyb,3,HHyb,2
PIT_223864,migration,0,0,0,NA,0.236614853,-0.471901875,NA,LHyb,2,WCT/LHyb,1
PIT_713498,migration,0,0,0,NA,0.687022901,0.91740903,NA,HHyb,3,HHyb,2
PIT_713435,migration,0,0,0,NA,0.207920792,-0.560410444,NA,LHyb,2,WCT/LHyb,1
PIT_223891,migration,0,0,0,NA,0.553225806,0.504703787,NA,HHyb,3,HHyb,2
NOTAG_8_070116,migration,0,0,0,NA,0.443548387,0.166397145,NA,LHyb,2,WCT/LHyb,1
PIT_713458,migration,0,0,0,NA,0.618604651,0.706368794,NA,HHyb,3,HHyb,2
PIT_713437,migration,0,0,0,NA,0.613882863,0.691804153,NA,HHyb,3,HHyb,2
PIT_223903,migration,0,0,0,NA,0.464285714,0.230362686,NA,LHyb,2,WCT/LHyb,1
PIT_223896,migration,0,0,0,NA,0.738853503,1.077283662,NA,HHyb,3,HHyb,2
PIT_223837,migration,0,0,0,NA,0.556818182,0.515784688,NA,HHyb,3,HHyb,2
PIT_96153,migration,0,0,0,NA,0.580060423,0.587476788,NA,HHyb,3,HHyb,2
PIT_713426,migration,0,0,0,NA,0.545617174,0.481234501,NA,HHyb,3,HHyb,2
PIT_89551,migration,0,0,0,NA,0.087301587,-0.932467688,NA,LHyb,2,WCT/LHyb,1
PIT_79092,migration,0,0,0,NA,0,-1.201754721,NA,WCT,1,WCT/LHyb,1
PIT_713518,migration,0,0,0,NA,0.579861111,0.586861998,NA,HHyb,3,HHyb,2
PIT_713413,migration,0,0,0,NA,0.591216216,0.621887507,NA,HHyb,3,HHyb,2
PIT_96204,migration,0,0,0,NA,0.562260536,0.532571959,NA,HHyb,3,HHyb,2
PIT_713481,migration,0,0,0,NA,0.661987041,0.840184404,NA,HHyb,3,HHyb,2
PIT_615741,migration,0,0,0,NA,0.002747253,-1.193280652,NA,WCT,1,WCT/LHyb,1
PIT_223858,migration,0,0,0,NA,0.831140351,1.361948034,NA,HHyb,3,HHyb,2
PIT_713466,migration,0,0,0,NA,0.489776952,0.308991954,NA,LHyb,2,WCT/LHyb,1
PIT_223921,migration,0,0,0,NA,0.555555556,0.511890042,NA,HHyb,3,HHyb,2
PIT_223877,migration,0,0,0,NA,0.611013986,0.682954928,NA,HHyb,3,HHyb,2
PIT_224020,migration,0,0,0,NA,0.08,-0.954989875,NA,LHyb,2,WCT/LHyb,1
PIT_96171,migration,0,0,0,NA,0.104056437,-0.880786338,NA,LHyb,2,WCT/LHyb,1
PIT_96140,migration,0,0,0,NA,0.544091711,0.476529117,NA,HHyb,3,HHyb,2
PIT_96173,migration,0,0,0,NA,0.013274336,-1.160809227,NA,LHyb,2,WCT/LHyb,1
PIT_96159,migration,0,0,0,NA,0.160311958,-0.707262776,NA,LHyb,2,WCT/LHyb,1
PIT_79000,migration,0,0,0,NA,0.137068966,-0.778957193,NA,LHyb,2,WCT/LHyb,1
PIT_96221,migration,0,0,0,NA,0.004347826,-1.188343588,NA,WCT,1,WCT/LHyb,1
PIT_713403,migration,0,0,0,NA,0.575848303,0.574484249,NA,HHyb,3,HHyb,2
PIT_96177,migration,0,0,0,NA,0.005081301,-1.18608114,NA,LHyb,2,WCT/LHyb,1
PIT_139547,migration,0,0,0,NA,0,-0.625424281,NA,WCT,1,WCT/LHyb,1
PIT_89389,migration,0,0,0,NA,0.497076023,2.265645021,NA,LHyb,2,WCT/LHyb,1
PIT_10619,migration,0,0,0,NA,0,-0.625424281,NA,WCT,1,WCT/LHyb,1
PIT_89387,migration,0,0,0,NA,0.000897666,-0.62020332,NA,WCT,1,WCT/LHyb,1
PIT_10592,migration,0,0,0,NA,0.535643564,2.48995967,NA,HHyb,3,HHyb,2
PIT_89376,migration,0,0,0,NA,0,-0.625424281,NA,WCT,1,WCT/LHyb,1
PIT_89378,migration,0,0,0,NA,0.49912892,2.27758498,NA,LHyb,2,WCT/LHyb,1
PIT_10633,migration,0,0,0,NA,0.000897666,-0.62020332,NA,WCT,1,WCT/LHyb,1
PIT_10597,migration,0,0,0,NA,0.001733102,-0.615344298,NA,WCT,1,WCT/LHyb,1
PIT_89380,migration,0,0,0,NA,0.261052632,0.892897295,NA,LHyb,2,WCT/LHyb,1
PIT_89484,migration,0,0,0,NA,0.09406953,-0.078301672,NA,LHyb,2,WCT/LHyb,1
PIT_89466,migration,0,0,0,NA,0.002808989,-0.609086776,NA,WCT,1,WCT/LHyb,1
PIT_89456,migration,0,0,0,NA,0,-0.625424281,NA,WCT,1,WCT/LHyb,1
PIT_89473,migration,0,0,0,NA,0,-0.625424281,NA,WCT,1,WCT/LHyb,1
PIT_89386,migration,0,0,0,NA,0.002747253,-0.609445842,NA,WCT,1,WCT/LHyb,1
PIT_89469,migration,0,0,0,NA,0.001801802,-0.614944728,NA,WCT,1,WCT/LHyb,1
PIT_89471,migration,0,0,0,NA,0,-0.625424281,NA,WCT,1,WCT/LHyb,1
PIT_89468,migration,0,0,0,NA,0.03812825,-0.403664614,NA,LHyb,2,WCT/LHyb,1
PIT_89476,migration,0,0,0,NA,0,-0.625424281,NA,WCT,1,WCT/LHyb,1
PIT_89458,migration,0,0,0,NA,0.000990099,-0.619665715,NA,WCT,1,WCT/LHyb,1
PIT_89463,migration,0,0,0,NA,0,-0.625424281,NA,WCT,1,WCT/LHyb,1
PIT_89475,migration,0,0,0,NA,0,-0.625424281,NA,WCT,1,WCT/LHyb,1
PIT_89489,migration,0,0,0,NA,0,-0.625424281,NA,WCT,1,WCT/LHyb,1
PIT_89457,migration,0,0,0,NA,0,-0.625424281,NA,WCT,1,WCT/LHyb,1
PIT_89482,migration,0,0,0,NA,0.494773519,2.25225331,NA,LHyb,2,WCT/LHyb,1
PIT_89452,migration,0,0,0,NA,0.000910747,-0.620127239,NA,WCT,1,WCT/LHyb,1
PIT_89432,migration,0,0,0,NA,0.455017301,2.021025135,NA,LHyb,2,WCT/LHyb,1
PIT_89440,migration,0,0,0,NA,0.264705882,0.914145149,NA,LHyb,2,WCT/LHyb,1
PIT_89443,migration,0,0,0,NA,0.00106383,-0.619236885,NA,WCT,1,WCT/LHyb,1
PIT_89451,migration,0,0,0,NA,0,-0.625424281,NA,WCT,1,WCT/LHyb,1
PIT_89429,migration,0,0,0,NA,0,-0.625424281,NA,WCT,1,WCT/LHyb,1
PIT_89448,migration,0,0,0,NA,0,-0.625424281,NA,WCT,1,WCT/LHyb,1
PIT_89426,migration,0,0,0,NA,0.001818182,-0.614849459,NA,WCT,1,WCT/LHyb,1
PIT_89436,migration,0,0,0,NA,0.095320624,-0.07102512,NA,LHyb,2,WCT/LHyb,1
PIT_89444,migration,0,0,0,NA,0.002747253,-0.609445842,NA,WCT,1,WCT/LHyb,1
PIT_89465,migration,0,0,0,NA,0.000883392,-0.620286339,NA,WCT,1,WCT/LHyb,1
PIT_89449,migration,0,0,0,NA,0.493091537,2.242470648,NA,LHyb,2,WCT/LHyb,1
PIT_89479,migration,0,0,0,NA,0.01396648,-0.544193122,NA,LHyb,2,WCT/LHyb,1
PIT_89450,migration,0,0,0,NA,0.000874126,-0.620340232,NA,WCT,1,WCT/LHyb,1
PIT_89438,migration,0,0,0,NA,0.026315789,-0.472367673,NA,LHyb,2,WCT/LHyb,1
PIT_89467,migration,0,0,0,NA,0,-0.625424281,NA,WCT,1,WCT/LHyb,1
PIT_89428,migration,0,0,0,NA,0.75,3.73668911,NA,HHyb,3,HHyb,2
PIT_89490,migration,0,0,0,NA,0.014808362,-0.539296609,NA,LHyb,2,WCT/LHyb,1
PIT_89437,migration,0,0,0,NA,0,-0.625424281,NA,WCT,1,WCT/LHyb,1
PIT_89427,migration,0,0,0,NA,0.000863558,-0.620401697,NA,WCT,1,WCT/LHyb,1
PIT_89447,migration,0,0,0,NA,0,-0.625424281,NA,WCT,1,WCT/LHyb,1
PIT_10867,migration,0,0,0,NA,0.146701389,0.227813177,NA,LHyb,2,WCT/LHyb,1
PIT_10701,migration,0,0,0,NA,0,-0.625424281,NA,WCT,1,WCT/LHyb,1
PIT_10695,migration,0,0,0,NA,0.007839721,-0.579827278,NA,LHyb,2,WCT/LHyb,1
PIT_10672,migration,0,0,0,NA,0.046966732,-0.352258667,NA,LHyb,2,WCT/LHyb,1
PIT_89466,migration,0,0,0,NA,0.002808989,-0.609086776,NA,WCT,1,WCT/LHyb,1
PIT_137838,migration,0,0,0,NA,0.001831502,-0.614771988,NA,WCT,1,WCT/LHyb,1
PIT_89337,migration,0,0,0,NA,0.020833333,-0.504254466,NA,LHyb,2,WCT/LHyb,1
PIT_10692,migration,0,0,0,NA,0,-0.625424281,NA,WCT,1,WCT/LHyb,1
PIT_139530,migration,0,0,0,NA,0.008802817,-0.574225766,NA,LHyb,2,WCT/LHyb,1
PIT_134028,migration,0,0,0,NA,0,-0.625424281,NA,WCT,1,WCT/LHyb,1
PIT_10677,migration,0,0,0,NA,0.001582278,-0.616221513,NA,WCT,1,WCT/LHyb,1
PIT_10666,migration,0,0,0,NA,0.091943958,-0.09066432,NA,LHyb,2,WCT/LHyb,1
PIT_139289,migration,0,0,0,NA,0,-0.625424281,NA,WCT,1,WCT/LHyb,1
PIT_10667,migration,0,0,0,NA,0.000865052,-0.620393008,NA,WCT,1,WCT/LHyb,1
PIT_89371,migration,0,0,0,NA,0.000866551,-0.620384289,NA,WCT,1,WCT/LHyb,1
PIT_89317,migration,0,0,0,NA,0.000866551,-0.620384289,NA,WCT,1,WCT/LHyb,1
PIT_89348,migration,0,0,0,NA,0.000884956,-0.620277243,NA,WCT,1,WCT/LHyb,1
PIT_10700,migration,0,0,0,NA,0,-0.625424281,NA,WCT,1,WCT/LHyb,1
PIT_10636,migration,0,0,0,NA,0,-0.625424281,NA,WCT,1,WCT/LHyb,1
PIT_10330,migration,0,0,0,NA,0,-0.625424281,NA,WCT,1,WCT/LHyb,1
PIT_10647,migration,0,0,0,NA,0.000865052,-0.620393008,NA,WCT,1,WCT/LHyb,1
PIT_10705,migration,0,0,0,NA,0,-0.625424281,NA,WCT,1,WCT/LHyb,1
PIT_10645,migration,0,0,0,NA,0,-0.625424281,NA,WCT,1,WCT/LHyb,1
PIT_10633,migration,0,0,0,NA,0.000897666,-0.62020332,NA,WCT,1,WCT/LHyb,1
MORT_5_072314,migration,0,0,0,NA,0.002692998,-0.609761397,NA,WCT,1,WCT/LHyb,1
PIT_89642,migration,0,0,0,NA,0.002857143,-0.608806705,NA,WCT,1,WCT/LHyb,1
PIT_139129,migration,0,0,0,NA,0,-0.625424281,NA,WCT,1,WCT/LHyb,1
PIT_139088,migration,0,0,0,NA,0.149897331,0.246401259,NA,LHyb,2,WCT/LHyb,1
PIT_89389,migration,0,0,0,NA,0.497076023,2.265645021,NA,LHyb,2,WCT/LHyb,1
PIT_10704,migration,0,0,0,NA,0.000862069,-0.620410357,NA,WCT,1,WCT/LHyb,1
PIT_137783,migration,0,0,0,NA,0.001763668,-0.615166521,NA,WCT,1,WCT/LHyb,1
PIT_89325,migration,0,0,0,NA,0,-0.625424281,NA,WCT,1,WCT/LHyb,1
PIT_10638,migration,0,0,0,NA,0,-0.625424281,NA,WCT,1,WCT/LHyb,1
PIT_10665,migration,0,0,0,NA,0,-0.625424281,NA,WCT,1,WCT/LHyb,1
PIT_10702,migration,0,0,0,NA,0.001782531,-0.615056811,NA,WCT,1,WCT/LHyb,1
PIT_89326,migration,0,0,0,NA,0.107515658,-9.70E-05,NA,LHyb,2,WCT/LHyb,1
PIT_10691,migration,0,0,0,NA,0.000860585,-0.620418988,NA,WCT,1,WCT/LHyb,1
PIT_10664,migration,0,0,0,NA,0,-0.625424281,NA,WCT,1,WCT/LHyb,1
PIT_10662,migration,0,0,0,NA,0.000862069,-0.620410357,NA,WCT,1,WCT/LHyb,1
PIT_89530,migration,0,0,0,NA,0,-0.625424281,NA,WCT,1,WCT/LHyb,1
PIT_10706,migration,0,0,0,NA,0.036281179,-0.414407459,NA,LHyb,2,WCT/LHyb,1
PIT_89132,migration,0,0,0,NA,0.001694915,-0.615566399,NA,WCT,1,WCT/LHyb,1
PIT_89537,migration,0,0,0,NA,0.250437828,0.83115999,NA,LHyb,2,WCT/LHyb,1
PIT_89533,migration,0,0,0,NA,0.000862069,-0.620410357,NA,WCT,1,WCT/LHyb,1
PIT_89355,migration,0,0,0,NA,0.001831502,-0.614771988,NA,WCT,1,WCT/LHyb,1
PIT_89534,migration,0,0,0,NA,0,-0.625424281,NA,WCT,1,WCT/LHyb,1
PIT_89663,migration,0,0,0,NA,0.000914077,-0.620107871,NA,WCT,1,WCT/LHyb,1
PIT_89529,migration,0,0,0,NA,0.000859107,-0.620427585,NA,WCT,1,WCT/LHyb,1
PIT_10683,migration,0,0,0,NA,0.000865052,-0.620393008,NA,WCT,1,WCT/LHyb,1
PIT_89528,migration,0,0,0,NA,0.002145923,-0.612943268,NA,WCT,1,WCT/LHyb,1
PIT_89479,migration,0,0,0,NA,0.01396648,-0.544193122,NA,LHyb,2,WCT/LHyb,1
PIT_89447,migration,0,0,0,NA,0,-0.625424281,NA,WCT,1,WCT/LHyb,1
PIT_89512,migration,0,0,0,NA,0.000896057,-0.620212678,NA,WCT,1,WCT/LHyb,1
PIT_89320,migration,0,0,0,NA,0.183478261,0.441713025,NA,LHyb,2,WCT/LHyb,1
PIT_89641,migration,0,0,0,NA,0,-0.625424281,NA,WCT,1,WCT/LHyb,1
PIT_89538,migration,0,0,0,NA,0,-0.625424281,NA,WCT,1,WCT/LHyb,1
PIT_10655,migration,0,0,0,NA,0.034031414,-0.427492432,NA,LHyb,2,WCT/LHyb,1
PIT_89504,migration,0,0,0,NA,0.175090253,0.392927102,NA,LHyb,2,WCT/LHyb,1
PIT_89518,migration,0,0,0,NA,0.317157712,1.219212923,NA,LHyb,2,WCT/LHyb,1
PIT_89309,migration,0,0,0,NA,0.247826087,0.81596971,NA,LHyb,2,WCT/LHyb,1
PIT_89515,migration,0,0,0,NA,0.121551724,0.081538923,NA,LHyb,2,WCT/LHyb,1
PIT_89523,migration,0,0,0,NA,0.000863558,-0.620401697,NA,WCT,1,WCT/LHyb,1
PIT_89368,migration,0,0,0,NA,0.110412926,0.01675399,NA,LHyb,2,WCT/LHyb,1
PIT_89524,migration,0,0,0,NA,0.000891266,-0.620240543,NA,WCT,1,WCT/LHyb,1
PIT_89513,migration,0,0,0,NA,0.016363636,-0.5302509,NA,LHyb,2,WCT/LHyb,1
PIT_89527,migration,0,0,0,NA,0,-0.625424281,NA,WCT,1,WCT/LHyb,1
PIT_89308,migration,0,0,0,NA,0.00088968,-0.620249767,NA,WCT,1,WCT/LHyb,1
PIT_89503,migration,0,0,0,NA,0.115051903,0.043734982,NA,LHyb,2,WCT/LHyb,1
PIT_89496,migration,0,0,0,NA,0.000883392,-0.620286339,NA,WCT,1,WCT/LHyb,1
PIT_10670,migration,0,0,0,NA,0.025,-0.480020501,NA,LHyb,2,WCT/LHyb,1
PIT_89506,migration,0,0,0,NA,0.013722127,-0.545614316,NA,LHyb,2,WCT/LHyb,1
PIT_139082,migration,0,0,0,NA,0.000972763,-0.619766544,NA,WCT,1,WCT/LHyb,1
PIT_615189,migration,0,0,0,NA,0,-0.625424281,NA,WCT,1,WCT/LHyb,1
PIT_615321,migration,0,0,0,NA,0.002004008,-0.613768667,NA,WCT,1,WCT/LHyb,1
PIT_87761,migration,0,0,0,NA,0.000894454,-0.620222001,NA,WCT,1,WCT/LHyb,1
PIT_615892,migration,0,0,0,NA,0.130612245,0.134236283,NA,LHyb,2,WCT/LHyb,1
PIT_615825,migration,0,0,0,NA,0.266233766,0.923031554,NA,LHyb,2,WCT/LHyb,1
PIT_87822,migration,0,0,0,NA,0.142857143,0.205454461,NA,LHyb,2,WCT/LHyb,1
PIT_89309,migration,0,0,0,NA,0.247826087,0.81596971,NA,LHyb,2,WCT/LHyb,1
PIT_615963,migration,0,0,0,NA,0.265327696,0.917761714,NA,LHyb,2,WCT/LHyb,1
PIT_87838,migration,0,0,0,NA,0.00088968,-0.620249767,NA,WCT,1,WCT/LHyb,1
PIT_87686,migration,0,0,0,NA,0,-0.625424281,NA,WCT,1,WCT/LHyb,1
PIT_89513,migration,0,0,0,NA,0.016363636,-0.5302509,NA,LHyb,2,WCT/LHyb,1
PIT_89503,migration,0,0,0,NA,0.115051903,0.043734982,NA,LHyb,2,WCT/LHyb,1
PIT_615822,migration,0,0,0,NA,0,-0.625424281,NA,WCT,1,WCT/LHyb,1
PIT_615765,migration,0,0,0,NA,0.268965517,0.93891983,NA,LHyb,2,WCT/LHyb,1
PIT_87824,migration,0,0,0,NA,0,-0.625424281,NA,WCT,1,WCT/LHyb,1
PIT_139376,migration,0,0,0,NA,0.022058824,-0.497126825,NA,LHyb,2,WCT/LHyb,1
PIT_89308,migration,0,0,0,NA,0.00088968,-0.620249767,NA,WCT,1,WCT/LHyb,1
PIT_89496,migration,0,0,0,NA,0.000883392,-0.620286339,NA,WCT,1,WCT/LHyb,1
PIT_89320,migration,0,0,0,NA,0.183478261,0.441713025,NA,LHyb,2,WCT/LHyb,1
PIT_615898,migration,0,0,0,NA,0.06,-0.27645521,NA,LHyb,2,WCT/LHyb,1
PIT_87835,migration,0,0,0,NA,0.001046025,-0.619340441,NA,WCT,1,WCT/LHyb,1
PIT_87769,migration,0,0,0,NA,0.002673797,-0.609873073,NA,WCT,1,WCT/LHyb,1
PIT_87692,migration,0,0,0,NA,0.000894454,-0.620222001,NA,WCT,1,WCT/LHyb,1
PIT_87812,migration,0,0,0,NA,0.312698413,1.193276966,NA,LHyb,2,WCT/LHyb,1
PIT_87827,migration,0,0,0,NA,0.000894454,-0.620222001,NA,WCT,1,WCT/LHyb,1
PIT_87778,migration,0,0,0,NA,0,-0.625424281,NA,WCT,1,WCT/LHyb,1
PIT_87870,migration,0,0,0,NA,0.049342105,-0.338443138,NA,LHyb,2,WCT/LHyb,1
PIT_87860,migration,0,0,0,NA,0.268060837,0.933658075,NA,LHyb,2,WCT/LHyb,1
PIT_89329,migration,0,0,0,NA,0.001779359,-0.61507526,NA,WCT,1,WCT/LHyb,1
PIT_615952,migration,0,0,0,NA,0.334024896,1.317315015,NA,LHyb,2,WCT/LHyb,1
PIT_87768,migration,0,0,0,NA,0.365424431,1.499939458,NA,LHyb,2,WCT/LHyb,1
PIT_139110,migration,0,0,0,NA,0.000866551,-0.620384289,NA,WCT,1,WCT/LHyb,1
PIT_139314,migration,0,0,0,NA,0.095486111,-0.070062623,NA,LHyb,2,WCT/LHyb,1
PIT_87833,migration,0,0,0,NA,0.000899281,-0.620193927,NA,WCT,1,WCT/LHyb,1
PIT_87821,migration,0,0,0,NA,0,-0.625424281,NA,WCT,1,WCT/LHyb,1
PIT_87796,migration,0,0,0,NA,0.000902527,-0.620175047,NA,WCT,1,WCT/LHyb,1
PIT_139083,migration,0,0,0,NA,0,-0.625424281,NA,WCT,1,WCT/LHyb,1
PIT_87846,migration,0,0,0,NA,0.192160612,0.492210891,NA,LHyb,2,WCT/LHyb,1
PIT_89260,migration,0,0,0,NA,0.097711268,-0.057120773,NA,LHyb,2,WCT/LHyb,1
PIT_87839,migration,0,0,0,NA,0,-0.625424281,NA,WCT,1,WCT/LHyb,1
PIT_87864,migration,0,0,0,NA,0.004273504,-0.600568935,NA,WCT,1,WCT/LHyb,1
PIT_87823,migration,0,0,0,NA,0.041208791,-0.385747722,NA,LHyb,2,WCT/LHyb,1
PIT_89544,migration,0,0,0,NA,0,-0.625424281,NA,WCT,1,WCT/LHyb,1
PIT_87751,migration,0,0,0,NA,0,-0.625424281,NA,WCT,1,WCT/LHyb,1
PIT_87852,migration,0,0,0,NA,0,-0.625424281,NA,WCT,1,WCT/LHyb,1
PIT_87829,migration,0,0,0,NA,0.134736842,0.158225563,NA,LHyb,2,WCT/LHyb,1
PIT_87765,migration,0,0,0,NA,0,-0.625424281,NA,WCT,1,WCT/LHyb,1
PIT_87719,migration,0,0,0,NA,0.000880282,-0.620304428,NA,WCT,1,WCT/LHyb,1
PIT_87820,migration,0,0,0,NA,0.001798561,-0.614963578,NA,WCT,1,WCT/LHyb,1
PIT_87845,migration,0,0,0,NA,0.281947262,1.014423622,NA,LHyb,2,WCT/LHyb,1
PIT_87780,migration,0,0,0,NA,0.080139373,-0.159321571,NA,LHyb,2,WCT/LHyb,1
PIT_87836,migration,0,0,0,NA,0.00172117,-0.615413696,NA,WCT,1,WCT/LHyb,1
PIT_713646,migration,0,0,0,NA,0.633928571,3.061600131,NA,HHyb,3,HHyb,2
PIT_87832,migration,0,0,0,NA,0,-0.625424281,NA,WCT,1,WCT/LHyb,1
PIT_87825,migration,0,0,0,NA,0.153114187,0.26511098,NA,LHyb,2,WCT/LHyb,1
PIT_615312,migration,0,0,0,NA,0,-0.625424281,NA,WCT,1,WCT/LHyb,1
PIT_87758,migration,0,0,0,NA,0,-0.625424281,NA,WCT,1,WCT/LHyb,1
PIT_87799,migration,0,0,0,NA,0.22243346,0.668282352,NA,LHyb,2,WCT/LHyb,1
PIT_615357,migration,0,0,0,NA,0,-0.625424281,NA,WCT,1,WCT/LHyb,1
PIT_713500,migration,0,0,0,NA,0.000888099,-0.620258963,NA,WCT,1,WCT/LHyb,1
PIT_87892,migration,0,0,0,NA,0.000896057,-0.620212678,NA,WCT,1,WCT/LHyb,1
PIT_87899,migration,0,0,0,NA,0,-0.625424281,NA,WCT,1,WCT/LHyb,1
PIT_87893,migration,0,0,0,NA,0,-0.625424281,NA,WCT,1,WCT/LHyb,1
PIT_615292,migration,0,0,0,NA,0.000862069,-0.620410357,NA,WCT,1,WCT/LHyb,1
PIT_87903,migration,0,0,0,NA,0.229400749,0.708805158,NA,LHyb,2,WCT/LHyb,1
PIT_87895,migration,0,0,0,NA,0.119444444,0.069282664,NA,LHyb,2,WCT/LHyb,1
PIT_87905,migration,0,0,0,NA,0.000857633,-0.620436158,NA,WCT,1,WCT/LHyb,1
PIT_87708,migration,0,0,0,NA,0.000894454,-0.620222001,NA,WCT,1,WCT/LHyb,1
PIT_615893,migration,0,0,0,NA,0.211281071,0.603418371,NA,LHyb,2,WCT/LHyb,1
PIT_87904,migration,0,0,0,NA,0.114391144,0.039891907,NA,LHyb,2,WCT/LHyb,1
PIT_87997,migration,0,0,0,NA,0,-0.625424281,NA,WCT,1,WCT/LHyb,1
PIT_87966,migration,0,0,0,NA,0.011586453,-0.558035718,NA,LHyb,2,WCT/LHyb,1
PIT_87983,migration,0,0,0,NA,0.048094374,-0.34570013,NA,LHyb,2,WCT/LHyb,1
PIT_87992,migration,0,0,0,NA,0.000869565,-0.620366759,NA,WCT,1,WCT/LHyb,1
PIT_89286,migration,0,0,0,NA,0.126353791,0.109468471,NA,LHyb,2,WCT/LHyb,1
PIT_87979,migration,0,0,0,NA,0,-0.625424281,NA,WCT,1,WCT/LHyb,1
PIT_87981,migration,0,0,0,NA,0.000862069,-0.620410357,NA,WCT,1,WCT/LHyb,1
PIT_87987,migration,0,0,0,NA,0.007853403,-0.579747702,NA,LHyb,2,WCT/LHyb,1
PIT_89556,migration,0,0,0,NA,0.49070632,2.228597865,NA,LHyb,2,WCT/LHyb,1
PIT_87971,migration,0,0,0,NA,0,-0.625424281,NA,WCT,1,WCT/LHyb,1
PIT_87999,migration,0,0,0,NA,0.002590674,-0.610356529,NA,WCT,1,WCT/LHyb,1
PIT_87996,migration,0,0,0,NA,0.038181818,-0.403353055,NA,LHyb,2,WCT/LHyb,1
PIT_89275,migration,0,0,0,NA,0.091964286,-0.09054609,NA,LHyb,2,WCT/LHyb,1
PIT_87995,migration,0,0,0,NA,0,-0.625424281,NA,WCT,1,WCT/LHyb,1
PIT_87978,migration,0,0,0,NA,0.155783582,0.280636585,NA,LHyb,2,WCT/LHyb,1
PIT_87977,migration,0,0,0,NA,0.109411765,0.010931086,NA,LHyb,2,WCT/LHyb,1
PIT_713694,migration,0,0,0,NA,0.030381944,-0.448718301,NA,LHyb,2,WCT/LHyb,1
PIT_87976,migration,0,0,0,NA,0.000902527,-0.620175047,NA,WCT,1,WCT/LHyb,1
PIT_87962,migration,0,0,0,NA,0.049418605,-0.337998203,NA,LHyb,2,WCT/LHyb,1
PIT_87951,migration,0,0,0,NA,0.249315068,0.824629848,NA,LHyb,2,WCT/LHyb,1
PIT_87946,migration,0,0,0,NA,0,-0.625424281,NA,WCT,1,WCT/LHyb,1
PIT_87972,migration,0,0,0,NA,0.163265306,0.324151423,NA,LHyb,2,WCT/LHyb,1
PIT_139285,migration,0,0,0,NA,0.021778584,-0.498756744,NA,LHyb,2,WCT/LHyb,1
PIT_89138,migration,0,0,0,NA,0,-0.625424281,NA,WCT,1,WCT/LHyb,1
PIT_87969,migration,0,0,0,NA,0.010416667,-0.564839371,NA,LHyb,2,WCT/LHyb,1
PIT_89453,migration,0,0,0,NA,0,-0.625424281,NA,WCT,1,WCT/LHyb,1
PIT_87953,migration,0,0,0,NA,0.002544529,-0.610624915,NA,WCT,1,WCT/LHyb,1
PIT_87963,migration,0,0,0,NA,0,-0.625424281,NA,WCT,1,WCT/LHyb,1
PIT_87906,migration,0,0,0,NA,0,-0.625424281,NA,WCT,1,WCT/LHyb,1
PIT_87943,migration,0,0,0,NA,0.000912409,-0.620117572,NA,WCT,1,WCT/LHyb,1
PIT_87937,migration,0,0,0,NA,0.000868056,-0.620375536,NA,WCT,1,WCT/LHyb,1
PIT_87990,migration,0,0,0,NA,0,-0.625424281,NA,WCT,1,WCT/LHyb,1
PIT_89475,migration,0,0,0,NA,0,-0.625424281,NA,WCT,1,WCT/LHyb,1
PIT_87952,migration,0,0,0,NA,0.000862069,-0.620410357,NA,WCT,1,WCT/LHyb,1
PIT_87940,migration,0,0,0,NA,0,-0.625424281,NA,WCT,1,WCT/LHyb,1
PIT_87949,migration,0,0,0,NA,0,-0.625424281,NA,WCT,1,WCT/LHyb,1
PIT_87915,migration,0,0,0,NA,0,-0.625424281,NA,WCT,1,WCT/LHyb,1
PIT_89265,migration,0,0,0,NA,0.013937282,-0.544362942,NA,LHyb,2,WCT/LHyb,1
PIT_87927,migration,0,0,0,NA,0.001795332,-0.614982359,NA,WCT,1,WCT/LHyb,1
PIT_87942,migration,0,0,0,NA,0,-0.625424281,NA,WCT,1,WCT/LHyb,1
PIT_87965,migration,0,0,0,NA,0.003466205,-0.605264309,NA,WCT,1,WCT/LHyb,1
PIT_87970,migration,0,0,0,NA,0.001769912,-0.615130205,NA,WCT,1,WCT/LHyb,1
PIT_87926,migration,0,0,0,NA,0.002664298,-0.609928321,NA,WCT,1,WCT/LHyb,1
PIT_89248,migration,0,0,0,NA,0.286701209,1.042073297,NA,LHyb,2,WCT/LHyb,1
PIT_87959,migration,0,0,0,NA,0,-0.625424281,NA,WCT,1,WCT/LHyb,1
PIT_87961,migration,0,0,0,NA,0.001733102,-0.615344298,NA,WCT,1,WCT/LHyb,1
PIT_89649,migration,0,0,0,NA,0.218309859,0.644298865,NA,LHyb,2,WCT/LHyb,1
PIT_87901,migration,0,0,0,NA,0.003472222,-0.605229313,NA,WCT,1,WCT/LHyb,1
PIT_87932,migration,0,0,0,NA,0,-0.625424281,NA,WCT,1,WCT/LHyb,1
PIT_87914,migration,0,0,0,NA,0.073283859,-0.199194277,NA,LHyb,2,WCT/LHyb,1
PIT_89461,migration,0,0,0,NA,0.013611615,-0.54625707,NA,LHyb,2,WCT/LHyb,1
PIT_87897,migration,0,0,0,NA,0,-0.625424281,NA,WCT,1,WCT/LHyb,1
PIT_87936,migration,0,0,0,NA,0,-0.625424281,NA,WCT,1,WCT/LHyb,1
PIT_87989,migration,0,0,0,NA,0,-0.625424281,NA,WCT,1,WCT/LHyb,1
PIT_87935,migration,0,0,0,NA,0.191369606,0.487610281,NA,LHyb,2,WCT/LHyb,1
PIT_87934,migration,0,0,0,NA,0.000909091,-0.62013687,NA,WCT,1,WCT/LHyb,1
PIT_87928,migration,0,0,0,NA,0.599038462,2.858673982,NA,HHyb,3,HHyb,2
PIT_79037,migration,0,0,0,NA,0,-0.625424281,NA,WCT,1,WCT/LHyb,1
PIT_89111,migration,0,0,0,NA,0.001818182,-0.614849459,NA,WCT,1,WCT/LHyb,1
PIT_89242,migration,0,0,0,NA,0.001057082,-0.619276132,NA,WCT,1,WCT/LHyb,1
PIT_616168,migration,0,0,0,NA,0.001160093,-0.618677005,NA,WCT,1,WCT/LHyb,1
PIT_79045,migration,0,0,0,NA,0,-0.625424281,NA,WCT,1,WCT/LHyb,1
PIT_79044,migration,0,0,0,NA,0.002232143,-0.6124418,NA,WCT,1,WCT/LHyb,1
PIT_713601,migration,0,0,0,NA,0.042461005,-0.378464656,NA,LHyb,2,WCT/LHyb,1
PIT_79011,migration,0,0,0,NA,0.326797386,1.275278724,NA,LHyb,2,WCT/LHyb,1
PIT_79008,migration,0,0,0,NA,0.00117096,-0.6186138,NA,WCT,1,WCT/LHyb,1
PIT_139315,migration,0,0,0,NA,0.000866551,-0.620384289,NA,WCT,1,WCT/LHyb,1
PIT_139322,migration,0,0,0,NA,0,-0.625424281,NA,WCT,1,WCT/LHyb,1
PIT_79024,migration,0,0,0,NA,0.269617706,0.94271306,NA,LHyb,2,WCT/LHyb,1
PIT_79032,migration,0,0,0,NA,0.000891266,-0.620240543,NA,WCT,1,WCT/LHyb,1
PIT_89132,migration,0,0,0,NA,0.001694915,-0.615566399,NA,WCT,1,WCT/LHyb,1
PIT_79035,migration,0,0,0,NA,0.229493892,0.709346892,NA,LHyb,2,WCT/LHyb,1
PIT_713630,migration,0,0,0,NA,0,-0.625424281,NA,WCT,1,WCT/LHyb,1
PIT_79003,migration,0,0,0,NA,0,-0.625424281,NA,WCT,1,WCT/LHyb,1
PIT_79057,migration,0,0,0,NA,0,-0.625424281,NA,WCT,1,WCT/LHyb,1
PIT_133980,migration,0,0,0,NA,0,-0.625424281,NA,WCT,1,WCT/LHyb,1
PIT_134034,migration,0,0,0,NA,0.287215412,1.045063979,NA,LHyb,2,WCT/LHyb,1
PIT_79046,migration,0,0,0,NA,0,-0.625424281,NA,WCT,1,WCT/LHyb,1
PIT_713721,migration,0,0,0,NA,0.000896057,-0.620212678,NA,WCT,1,WCT/LHyb,1
PIT_89521,migration,0,0,0,NA,0.224950884,0.68292407,NA,LHyb,2,WCT/LHyb,1
PIT_79050,migration,0,0,0,NA,0.00088968,-0.620249767,NA,WCT,1,WCT/LHyb,1
PIT_713752,migration,0,0,0,NA,0.221402214,0.662284469,NA,LHyb,2,WCT/LHyb,1
PIT_79076,migration,0,0,0,NA,0,-0.625424281,NA,WCT,1,WCT/LHyb,1
PIT_79051,migration,0,0,0,NA,0.000902527,-0.620175047,NA,WCT,1,WCT/LHyb,1
PIT_139141,migration,0,0,0,NA,0.227069351,0.695245395,NA,LHyb,2,WCT/LHyb,1
PIT_79053,migration,0,0,0,NA,0.248653501,0.820782074,NA,LHyb,2,WCT/LHyb,1
PIT_79054,migration,0,0,0,NA,0.296208531,1.097369319,NA,LHyb,2,WCT/LHyb,1
PIT_79058,migration,0,0,0,NA,0.543256997,2.534240548,NA,HHyb,3,HHyb,2
PIT_615806,migration,0,0,0,NA,0.511111111,2.347275215,NA,HHyb,3,HHyb,2
PIT_79056,migration,0,0,0,NA,0.206650831,0.576488195,NA,LHyb,2,WCT/LHyb,1
PIT_79065,migration,0,0,0,NA,0.001079914,-0.619143338,NA,WCT,1,WCT/LHyb,1
PIT_137838,migration,0,0,0,NA,0.001831502,-0.614771988,NA,WCT,1,WCT/LHyb,1
PIT_89238,migration,0,0,0,NA,0.194128788,0.5036581,NA,LHyb,2,WCT/LHyb,1
PIT_79060,migration,0,0,0,NA,0,-0.625424281,NA,WCT,1,WCT/LHyb,1
PIT_713779,migration,0,0,0,NA,0.155381944,0.278300597,NA,LHyb,2,WCT/LHyb,1
PIT_137843,migration,0,0,0,NA,0,-0.625424281,NA,WCT,1,WCT/LHyb,1
PIT_79069,migration,0,0,0,NA,0.001362398,-0.617500368,NA,WCT,1,WCT/LHyb,1
PIT_87968,migration,0,0,0,NA,0.002835539,-0.608932357,NA,WCT,1,WCT/LHyb,1
PIT_89466,migration,0,0,0,NA,0.002808989,-0.609086776,NA,WCT,1,WCT/LHyb,1
PIT_79028,migration,0,0,0,NA,0.000869565,-0.620366759,NA,WCT,1,WCT/LHyb,1
PIT_79071,migration,0,0,0,NA,0,-0.625424281,NA,WCT,1,WCT/LHyb,1
PIT_79067,migration,0,0,0,NA,0.188135593,0.468800772,NA,LHyb,2,WCT/LHyb,1
PIT_10647,migration,0,0,0,NA,0.000865052,-0.620393008,NA,WCT,1,WCT/LHyb,1
PIT_137839,migration,0,0,0,NA,0.002272727,-0.612205757,NA,WCT,1,WCT/LHyb,1
PIT_87945,migration,0,0,0,NA,0,-0.625424281,NA,WCT,1,WCT/LHyb,1
PIT_79078,migration,0,0,0,NA,0.287321063,1.045678461,NA,LHyb,2,WCT/LHyb,1
PIT_87698,migration,0,0,0,NA,0.000892857,-0.62023129,NA,WCT,1,WCT/LHyb,1
PIT_89497,migration,0,0,0,NA,0,-0.625424281,NA,WCT,1,WCT/LHyb,1
PIT_10686,migration,0,0,0,NA,0.005376344,-0.594154651,NA,LHyb,2,WCT/LHyb,1
PIT_89271,migration,0,0,0,NA,0.604753521,2.891913629,NA,HHyb,3,HHyb,2
PIT_79072,migration,0,0,0,NA,0,-0.625424281,NA,WCT,1,WCT/LHyb,1
PIT_510700,migration,0,0,0,NA,0.015799257,-0.533533413,NA,LHyb,2,WCT/LHyb,1
PIT_615157,migration,0,0,0,NA,0.264347826,0.912062641,NA,LHyb,2,WCT/LHyb,1
PIT_713679,migration,0,0,0,NA,0.344076655,1.375777565,NA,LHyb,2,WCT/LHyb,1
PIT_79077,migration,0,0,0,NA,0,-0.625424281,NA,WCT,1,WCT/LHyb,1
PIT_79066,migration,0,0,0,NA,0,-0.625424281,NA,WCT,1,WCT/LHyb,1
PIT_79075,migration,0,0,0,NA,0.18375,0.4432935,NA,LHyb,2,WCT/LHyb,1
PIT_89348,migration,0,0,0,NA,0.000884956,-0.620277243,NA,WCT,1,WCT/LHyb,1
PIT_79012,migration,0,0,0,NA,0,-0.625424281,NA,WCT,1,WCT/LHyb,1
PIT_137844,migration,0,0,0,NA,0,-0.625424281,NA,WCT,1,WCT/LHyb,1
PIT_79016,migration,0,0,0,NA,0.272466539,0.959282304,NA,LHyb,2,WCT/LHyb,1
PIT_79098,migration,0,0,0,NA,0.002688172,-0.609789466,NA,WCT,1,WCT/LHyb,1
PIT_713655,migration,0,0,0,NA,0.000865052,-0.620393008,NA,WCT,1,WCT/LHyb,1
PIT_79059,migration,0,0,0,NA,0.319410319,1.232314426,NA,LHyb,2,WCT/LHyb,1
PIT_79082,migration,0,0,0,NA,0,-0.625424281,NA,WCT,1,WCT/LHyb,1
PIT_87838,migration,0,0,0,NA,0.00088968,-0.620249767,NA,WCT,1,WCT/LHyb,1
PIT_137794,migration,0,0,0,NA,0.001457726,-0.616945926,NA,WCT,1,WCT/LHyb,1
PIT_96215,migration,0,0,0,NA,0.002024291,-0.613650698,NA,WCT,1,WCT/LHyb,1
PIT_96155,migration,0,0,0,NA,0.221340388,0.66192488,NA,LHyb,2,WCT/LHyb,1
PIT_89308,migration,0,0,0,NA,0.00088968,-0.620249767,NA,WCT,1,WCT/LHyb,1
PIT_615286,migration,0,0,0,NA,0,-0.625424281,NA,WCT,1,WCT/LHyb,1
PIT_713547,migration,0,0,0,NA,0.126363636,0.109525731,NA,LHyb,2,WCT/LHyb,1
PIT_615085,migration,0,0,0,NA,0,-0.625424281,NA,WCT,1,WCT/LHyb,1
PIT_96136,migration,0,0,0,NA,0.21858864,0.645920297,NA,LHyb,2,WCT/LHyb,1
PIT_96138,migration,0,0,0,NA,0,-0.625424281,NA,WCT,1,WCT/LHyb,1
PIT_615782,migration,0,0,0,NA,0.077348066,-0.175556235,NA,LHyb,2,WCT/LHyb,1
PIT_96145,migration,0,0,0,NA,0.051215278,-0.327548481,NA,LHyb,2,WCT/LHyb,1
PIT_615339,migration,0,0,0,NA,0.054347826,-0.309329108,NA,LHyb,2,WCT/LHyb,1
PIT_96141,migration,0,0,0,NA,0.00297619,-0.60811431,NA,WCT,1,WCT/LHyb,1
PIT_89309,migration,0,0,0,NA,0.247826087,0.81596971,NA,LHyb,2,WCT/LHyb,1
PIT_10655,migration,0,0,0,NA,0.034031414,-0.427492432,NA,LHyb,2,WCT/LHyb,1
PIT_96174,migration,0,0,0,NA,0,-0.625424281,NA,WCT,1,WCT/LHyb,1
PIT_96225,migration,0,0,0,NA,0.002392344,-0.611510046,NA,WCT,1,WCT/LHyb,1
PIT_615426,migration,0,0,0,NA,0.000875657,-0.620331327,NA,WCT,1,WCT/LHyb,1
PIT_616125,migration,0,0,0,NA,0,-0.625424281,NA,WCT,1,WCT/LHyb,1
PIT_271724,migration,0,0,0,NA,0.22591944,0.688557339,NA,LHyb,2,WCT/LHyb,1
PIT_87692,migration,0,0,0,NA,0.000894454,-0.620222001,NA,WCT,1,WCT/LHyb,1
PIT_139110,migration,0,0,0,NA,0.000866551,-0.620384289,NA,WCT,1,WCT/LHyb,1
PIT_96157,migration,0,0,0,NA,0,-0.625424281,NA,WCT,1,WCT/LHyb,1
PIT_96189,migration,0,0,0,NA,0,-0.625424281,NA,WCT,1,WCT/LHyb,1
PIT_96200,migration,0,0,0,NA,0.000875657,-0.620331327,NA,WCT,1,WCT/LHyb,1
PIT_96213,migration,0,0,0,NA,0.278280543,0.99309743,NA,LHyb,2,WCT/LHyb,1
PIT_615321,migration,0,0,0,NA,0.002004008,-0.613768667,NA,WCT,1,WCT/LHyb,1
PIT_87778,migration,0,0,0,NA,0,-0.625424281,NA,WCT,1,WCT/LHyb,1
PIT_271698,migration,0,0,0,NA,0.002369668,-0.611641934,NA,WCT,1,WCT/LHyb,1
PIT_96364,migration,0,0,0,NA,0.029462738,-0.454064542,NA,LHyb,2,WCT/LHyb,1
PIT_96149,migration,0,0,0,NA,0.17733564,0.405986612,NA,LHyb,2,WCT/LHyb,1
PIT_87827,migration,0,0,0,NA,0.000894454,-0.620222001,NA,WCT,1,WCT/LHyb,1
PIT_96178,migration,0,0,0,NA,0.223752151,0.675952058,NA,LHyb,2,WCT/LHyb,1
PIT_96156,migration,0,0,0,NA,0.000863558,-0.620401697,NA,WCT,1,WCT/LHyb,1
PIT_87821,migration,0,0,0,NA,0,-0.625424281,NA,WCT,1,WCT/LHyb,1
PIT_615329,migration,0,0,0,NA,0.233590734,0.733174744,NA,LHyb,2,WCT/LHyb,1
PIT_615364,migration,0,0,0,NA,0.007272727,-0.583125001,NA,LHyb,2,WCT/LHyb,1
PIT_271705,migration,0,0,0,NA,0,-0.625424281,NA,WCT,1,WCT/LHyb,1
PIT_96380,migration,0,0,0,NA,0.026678141,-0.470260179,NA,LHyb,2,WCT/LHyb,1
PIT_271670,migration,0,0,0,NA,0,-0.625424281,NA,WCT,1,WCT/LHyb,1
PIT_87708,migration,0,0,0,NA,0.000894454,-0.620222001,NA,WCT,1,WCT/LHyb,1
PIT_713611,migration,0,0,0,NA,0.288561525,1.052893176,NA,LHyb,2,WCT/LHyb,1
PIT_87905,migration,0,0,0,NA,0.000857633,-0.620436158,NA,WCT,1,WCT/LHyb,1
PIT_96196,migration,0,0,0,NA,0,-0.625424281,NA,WCT,1,WCT/LHyb,1
PIT_96139,migration,0,0,0,NA,0.008333333,-0.576956356,NA,LHyb,2,WCT/LHyb,1
PIT_137869,migration,0,0,0,NA,0.013204225,-0.548626512,NA,LHyb,2,WCT/LHyb,1
PIT_223304,migration,0,0,0,NA,0.000984252,-0.619699722,NA,WCT,1,WCT/LHyb,1
PIT_96217,migration,0,0,0,NA,0,-0.625424281,NA,WCT,1,WCT/LHyb,1
PIT_271713,migration,0,0,0,NA,0,-0.625424281,NA,WCT,1,WCT/LHyb,1
PIT_87796,migration,0,0,0,NA,0.000902527,-0.620175047,NA,WCT,1,WCT/LHyb,1
PIT_87755,migration,0,0,0,NA,0.014440433,-0.541436539,NA,LHyb,2,WCT/LHyb,1
PIT_139083,migration,0,0,0,NA,0,-0.625424281,NA,WCT,1,WCT/LHyb,1
PIT_223252,migration,0,0,0,NA,0.035928144,-0.416460763,NA,LHyb,2,WCT/LHyb,1
PIT_96210,migration,0,0,0,NA,0.252747253,0.844591955,NA,LHyb,2,WCT/LHyb,1
PIT_96185,migration,0,0,0,NA,0.104130809,-0.019783752,NA,LHyb,2,WCT/LHyb,1
PIT_271816,migration,0,0,0,NA,0.217272727,0.638266748,NA,LHyb,2,WCT/LHyb,1
PIT_96186,migration,0,0,0,NA,0.000927644,-0.620028963,NA,WCT,1,WCT/LHyb,1
PIT_615484,migration,0,0,0,NA,0.295918367,1.095681681,NA,LHyb,2,WCT/LHyb,1
PIT_615355,migration,0,0,0,NA,0.25,0.828613516,NA,LHyb,2,WCT/LHyb,1
PIT_96164,migration,0,0,0,NA,0,-0.625424281,NA,WCT,1,WCT/LHyb,1
PIT_96182,migration,0,0,0,NA,0.200862069,0.54281988,NA,LHyb,2,WCT/LHyb,1
PIT_96162,migration,0,0,0,NA,0.0008726,-0.620349107,NA,WCT,1,WCT/LHyb,1
PIT_87986,migration,0,0,0,NA,0.088724584,-0.109388686,NA,LHyb,2,WCT/LHyb,1
PIT_137840,migration,0,0,0,NA,0,-0.625424281,NA,WCT,1,WCT/LHyb,1
PIT_96094,migration,0,0,0,NA,0.017301038,-0.524798828,NA,LHyb,2,WCT/LHyb,1
PIT_616013,migration,0,0,0,NA,0,-0.625424281,NA,WCT,1,WCT/LHyb,1
PIT_96184,migration,0,0,0,NA,0.001838235,-0.614732828,NA,WCT,1,WCT/LHyb,1
PIT_96134,migration,0,0,0,NA,0.127865961,0.11826348,NA,LHyb,2,WCT/LHyb,1
PIT_87981,migration,0,0,0,NA,0.000862069,-0.620410357,NA,WCT,1,WCT/LHyb,1
PIT_96343,migration,0,0,0,NA,0.002512563,-0.610810835,NA,WCT,1,WCT/LHyb,1
PIT_87995,migration,0,0,0,NA,0,-0.625424281,NA,WCT,1,WCT/LHyb,1
PIT_87987,migration,0,0,0,NA,0.007853403,-0.579747702,NA,LHyb,2,WCT/LHyb,1
PIT_96037,migration,0,0,0,NA,0,-0.625424281,NA,WCT,1,WCT/LHyb,1
PIT_615305,migration,0,0,0,NA,0.001231527,-0.618261534,NA,WCT,1,WCT/LHyb,1
PIT_96143,migration,0,0,0,NA,0.012903226,-0.550377168,NA,LHyb,2,WCT/LHyb,1
PIT_271781,migration,0,0,0,NA,0,-0.625424281,NA,WCT,1,WCT/LHyb,1
PIT_87976,migration,0,0,0,NA,0.000902527,-0.620175047,NA,WCT,1,WCT/LHyb,1
PIT_96179,migration,0,0,0,NA,0.058467742,-0.285367054,NA,LHyb,2,WCT/LHyb,1
PIT_87937,migration,0,0,0,NA,0.000868056,-0.620375536,NA,WCT,1,WCT/LHyb,1
PIT_96381,migration,0,0,0,NA,0.002583979,-0.610395468,NA,WCT,1,WCT/LHyb,1
PIT_96208,migration,0,0,0,NA,0,-0.625424281,NA,WCT,1,WCT/LHyb,1
PIT_96163,migration,0,0,0,NA,0,-0.625424281,NA,WCT,1,WCT/LHyb,1
PIT_615360,migration,0,0,0,NA,0.040145985,-0.391929162,NA,LHyb,2,WCT/LHyb,1
PIT_253782,migration,0,0,0,NA,0,-0.625424281,NA,WCT,1,WCT/LHyb,1
PIT_253791,migration,0,0,0,NA,0.000902527,-0.620175047,NA,WCT,1,WCT/LHyb,1
PIT_96147,migration,0,0,0,NA,0,-0.625424281,NA,WCT,1,WCT/LHyb,1
PIT_96342,migration,0,0,0,NA,0,-0.625424281,NA,WCT,1,WCT/LHyb,1
PIT_96228,migration,0,0,0,NA,0.000976563,-0.619744443,NA,WCT,1,WCT/LHyb,1
PIT_96194,migration,0,0,0,NA,0.256521739,0.866544936,NA,LHyb,2,WCT/LHyb,1
PIT_87989,migration,0,0,0,NA,0,-0.625424281,NA,WCT,1,WCT/LHyb,1
PIT_96199,migration,0,0,0,NA,0.013227513,-0.548491065,NA,LHyb,2,WCT/LHyb,1
PIT_96150,migration,0,0,0,NA,0.030195382,-0.449803374,NA,LHyb,2,WCT/LHyb,1
PIT_96170,migration,0,0,0,NA,0.007575758,-0.581362527,NA,LHyb,2,WCT/LHyb,1
PIT_96220,migration,0,0,0,NA,0,-0.625424281,NA,WCT,1,WCT/LHyb,1
PIT_87919,migration,0,0,0,NA,0.017117117,-0.52586854,NA,LHyb,2,WCT/LHyb,1
PIT_36760,migration,0,0,0,NA,0,-0.625424281,NA,WCT,1,WCT/LHyb,1
PIT_89512,migration,0,0,0,NA,0.000896057,-0.620212678,NA,WCT,1,WCT/LHyb,1
PIT_615405,migration,0,0,0,NA,0.006386861,-0.588277332,NA,LHyb,2,WCT/LHyb,1
PIT_87965,migration,0,0,0,NA,0.003466205,-0.605264309,NA,WCT,1,WCT/LHyb,1
PIT_79071,migration,0,0,0,NA,0,-0.625424281,NA,WCT,1,WCT/LHyb,1
PIT_87959,migration,0,0,0,NA,0,-0.625424281,NA,WCT,1,WCT/LHyb,1
PIT_89479,migration,0,0,0,NA,0.01396648,-0.544193122,NA,LHyb,2,WCT/LHyb,1
PIT_36753,migration,0,0,0,NA,0.008605852,-0.575371345,NA,LHyb,2,WCT/LHyb,1
PIT_96045,migration,0,0,0,NA,0.075197889,-0.188061989,NA,LHyb,2,WCT/LHyb,1
PIT_713741,migration,0,0,0,NA,0.195732839,0.512987503,NA,LHyb,2,WCT/LHyb,1
PIT_89537,migration,0,0,0,NA,0.250437828,0.83115999,NA,LHyb,2,WCT/LHyb,1
PIT_36798,migration,0,0,0,NA,0,-0.625424281,NA,WCT,1,WCT/LHyb,1
PIT_616219,migration,0,0,0,NA,0.004456328,-0.599505603,NA,WCT,1,WCT/LHyb,1
PIT_36792,migration,0,0,0,NA,0.281746032,1.013253238,NA,LHyb,2,WCT/LHyb,1
PIT_36787,migration,0,0,0,NA,0.002207506,-0.612585092,NA,WCT,1,WCT/LHyb,1
PIT_36831,migration,0,0,0,NA,0.248263889,0.818516032,NA,LHyb,2,WCT/LHyb,1
PIT_87879,migration,0,0,0,NA,0.102970297,-0.026533466,NA,LHyb,2,WCT/LHyb,1
PIT_36773,migration,0,0,0,NA,0.003610108,-0.604427347,NA,WCT,1,WCT/LHyb,1
PIT_713773,migration,0,0,0,NA,0.320069204,1.2361466,NA,LHyb,2,WCT/LHyb,1
PIT_36758,migration,0,0,0,NA,0,-0.625424281,NA,WCT,1,WCT/LHyb,1
PIT_36801,migration,0,0,0,NA,0,-0.625424281,NA,WCT,1,WCT/LHyb,1
PIT_615332,migration,0,0,0,NA,0.000980392,-0.619722173,NA,WCT,1,WCT/LHyb,1
PIT_96044,migration,0,0,0,NA,0.314285714,1.202508948,NA,LHyb,2,WCT/LHyb,1
PIT_36811,migration,0,0,0,NA,0.430927835,1.880917159,NA,LHyb,2,WCT/LHyb,1
PIT_96098,migration,0,0,0,NA,0.2175,0.639588603,NA,LHyb,2,WCT/LHyb,1
PIT_253906,migration,0,0,0,NA,0.29202773,1.073053148,NA,LHyb,2,WCT/LHyb,1
PIT_36818,migration,0,0,0,NA,0,-0.625424281,NA,WCT,1,WCT/LHyb,1
PIT_616179,migration,0,0,0,NA,0,-0.625424281,NA,WCT,1,WCT/LHyb,1
PIT_36768,migration,0,0,0,NA,0.035776614,-0.417342085,NA,LHyb,2,WCT/LHyb,1
PIT_36825,migration,0,0,0,NA,0.002212389,-0.612556692,NA,WCT,1,WCT/LHyb,1
PIT_36785,migration,0,0,0,NA,0.277586207,0.989059067,NA,LHyb,2,WCT/LHyb,1
PIT_36814,migration,0,0,0,NA,0.001805054,-0.614925814,NA,WCT,1,WCT/LHyb,1
PIT_615859,migration,0,0,0,NA,0.034050179,-0.427383292,NA,LHyb,2,WCT/LHyb,1
PIT_36807,migration,0,0,0,NA,0,-0.625424281,NA,WCT,1,WCT/LHyb,1
PIT_10647,migration,0,0,0,NA,0.000865052,-0.620393008,NA,WCT,1,WCT/LHyb,1
PIT_616147,migration,0,0,0,NA,0.00088968,-0.620249767,NA,WCT,1,WCT/LHyb,1
PIT_36739,migration,0,0,0,NA,0.00092081,-0.620068711,NA,WCT,1,WCT/LHyb,1
PIT_713688,migration,0,0,0,NA,0,-0.625424281,NA,WCT,1,WCT/LHyb,1
PIT_36800,migration,0,0,0,NA,0,-0.625424281,NA,WCT,1,WCT/LHyb,1
PIT_36795,migration,0,0,0,NA,0,-0.625424281,NA,WCT,1,WCT/LHyb,1
PIT_36751,migration,0,0,0,NA,0,-0.625424281,NA,WCT,1,WCT/LHyb,1
PIT_253827,migration,0,0,0,NA,0,-0.625424281,NA,WCT,1,WCT/LHyb,1
PIT_87968,migration,0,0,0,NA,0.002835539,-0.608932357,NA,WCT,1,WCT/LHyb,1
PIT_137839,migration,0,0,0,NA,0.002272727,-0.612205757,NA,WCT,1,WCT/LHyb,1
PIT_016055,migration,0,0,0,NA,0,-0.625424281,NA,WCT,1,WCT/LHyb,1
PIT_89521,migration,0,0,0,NA,0.224950884,0.68292407,NA,LHyb,2,WCT/LHyb,1
PIT_713579,migration,0,0,0,NA,0.175087108,0.39290881,NA,LHyb,2,WCT/LHyb,1
PIT_137874,migration,0,0,0,NA,0.125438596,0.104145558,NA,LHyb,2,WCT/LHyb,1
PIT_36822,migration,0,0,0,NA,0,-0.625424281,NA,WCT,1,WCT/LHyb,1
PIT_36744,migration,0,0,0,NA,0.000892857,-0.62023129,NA,WCT,1,WCT/LHyb,1
PIT_36779,migration,0,0,0,NA,0.287931034,1.049226145,NA,LHyb,2,WCT/LHyb,1
PIT_36834,migration,0,0,0,NA,0.036521739,-0.413008325,NA,LHyb,2,WCT/LHyb,1
PIT_253750,migration,0,0,0,NA,0.028419183,-0.460134016,NA,LHyb,2,WCT/LHyb,1
PIT_36799,migration,0,0,0,NA,0.115749526,0.047792462,NA,LHyb,2,WCT/LHyb,1
PIT_615542,migration,0,0,0,NA,0.146706587,0.227843409,NA,LHyb,2,WCT/LHyb,1
PIT_713645,migration,0,0,0,NA,0.352173913,1.422872442,NA,LHyb,2,WCT/LHyb,1
PIT_615549,migration,0,0,0,NA,0.198782961,0.530727474,NA,LHyb,2,WCT/LHyb,1
PIT_139129,migration,0,0,0,NA,0,-0.625424281,NA,WCT,1,WCT/LHyb,1
PIT_96050,migration,0,0,0,NA,0.036206897,-0.414839494,NA,LHyb,2,WCT/LHyb,1
PIT_96402,migration,0,0,0,NA,0.249559083,0.826049076,NA,LHyb,2,WCT/LHyb,1
PIT_36748,migration,0,0,0,NA,0.001834862,-0.614752446,NA,WCT,1,WCT/LHyb,1
PIT_223473,migration,0,0,0,NA,0,-0.625424281,NA,WCT,1,WCT/LHyb,1
PIT_615650,migration,0,0,0,NA,0,-0.625424281,NA,WCT,1,WCT/LHyb,1
PIT_713687,migration,0,0,0,NA,0.226795096,0.693650286,NA,LHyb,2,WCT/LHyb,1
PIT_79013,migration,0,0,0,NA,0.244648318,0.797487325,NA,LHyb,2,WCT/LHyb,1
PIT_253783,migration,0,0,0,NA,0.081896552,-0.149101553,NA,LHyb,2,WCT/LHyb,1
ABB1,clint,1,NA,0,0,NA,NA,NA,HHyb,3,HHyb,2
ABB2,clint,1,NA,0,0,NA,NA,NA,HHyb,3,HHyb,2
ABB3,clint,1,NA,0,0,NA,NA,NA,HHyb,3,HHyb,2
ABB4,clint,1,NA,0,0,NA,NA,NA,HHyb,3,HHyb,2
ABB5,clint,1,NA,0,0,NA,NA,NA,HHyb,3,HHyb,2
ABB6,clint,1,NA,0,0,NA,NA,NA,HHyb,3,HHyb,2
ABB7,clint,1,NA,0,0,NA,NA,NA,HHyb,3,HHyb,2
ABB8,clint,1,NA,0,0,NA,NA,NA,HHyb,3,HHyb,2
ABB9,clint,1,NA,0,0,NA,NA,NA,HHyb,3,HHyb,2
ABB10,clint,1,NA,0,0,NA,NA,NA,HHyb,3,HHyb,2
ABB11,clint,1,NA,0,0,NA,NA,NA,HHyb,3,HHyb,2
ABB12,clint,1,NA,0,0,NA,NA,NA,HHyb,3,HHyb,2
ABB13,clint,1,NA,0,0,NA,NA,NA,HHyb,3,HHyb,2
ABB14,clint,1,NA,1,1,NA,NA,NA,HHyb,3,HHyb,2
ABB15,clint,1,NA,1,1,NA,NA,NA,HHyb,3,HHyb,2
ABB16,clint,1,NA,1,1,NA,NA,NA,HHyb,3,HHyb,2
ABB17,clint,1,NA,1,1,NA,NA,NA,HHyb,3,HHyb,2
ABB18,clint,1,NA,1,1,NA,NA,NA,HHyb,3,HHyb,2
ABB19,clint,1,NA,1,1,NA,NA,NA,HHyb,3,HHyb,2
ABB20,clint,1,NA,1,1,NA,NA,NA,HHyb,3,HHyb,2
ABB21,clint,1,NA,1,1,NA,NA,NA,HHyb,3,HHyb,2
ABB22,clint,1,NA,1,1,NA,NA,NA,HHyb,3,HHyb,2
ABB23,clint,1,NA,1,1,NA,NA,NA,HHyb,3,HHyb,2
ABB24,clint,1,NA,1,1,NA,NA,NA,HHyb,3,HHyb,2
ABB25,clint,1,NA,1,1,NA,NA,NA,HHyb,3,HHyb,2
ABB26,clint,1,NA,1,1,NA,NA,NA,HHyb,3,HHyb,2
IVY1,clint,1,NA,0,0,NA,NA,NA,HHyb,3,HHyb,2
IVY2,clint,1,NA,0,0,NA,NA,NA,HHyb,3,HHyb,2
IVY3,clint,1,NA,0,0,NA,NA,NA,HHyb,3,HHyb,2
IVY4,clint,1,NA,0,0,NA,NA,NA,HHyb,3,HHyb,2
IVY5,clint,1,NA,1,1,NA,NA,NA,HHyb,3,HHyb,2
IVY6,clint,1,NA,1,1,NA,NA,NA,HHyb,3,HHyb,2
IVY7,clint,1,NA,1,1,NA,NA,NA,HHyb,3,HHyb,2
IVY8,clint,1,NA,1,1,NA,NA,NA,HHyb,3,HHyb,2
IVY9,clint,1,NA,1,1,NA,NA,NA,HHyb,3,HHyb,2
IVY10,clint,1,NA,1,1,NA,NA,NA,HHyb,3,HHyb,2
IVY11,clint,1,NA,1,1,NA,NA,NA,HHyb,3,HHyb,2
TYO1,clint,1,NA,1,1,NA,NA,NA,HHyb,3,HHyb,2
TYO2,clint,1,NA,1,1,NA,NA,NA,HHyb,3,HHyb,2
COLT1,clint,1,NA,0,0,NA,NA,NA,WCT,1,WCT/LHyb,1
MOO1,clint,1,NA,0,0,NA,NA,NA,WCT,1,WCT/LHyb,1
MOO2,clint,1,NA,0,0,NA,NA,NA,WCT,1,WCT/LHyb,1
MOO3,clint,1,NA,0,0,NA,NA,NA,WCT,1,WCT/LHyb,1
MOO4,clint,1,NA,1,1,NA,NA,NA,WCT,1,WCT/LHyb,1
MOR1,clint,1,NA,0,0,NA,NA,NA,WCT,1,WCT/LHyb,1
MOR2,clint,1,NA,1,1,NA,NA,NA,WCT,1,WCT/LHyb,1
MOR3,clint,1,NA,1,1,NA,NA,NA,WCT,1,WCT/LHyb,1
TEE1,clint,1,NA,0,0,NA,NA,NA,WCT,1,WCT/LHyb,1
TEE2,clint,1,NA,0,0,NA,NA,NA,WCT,1,WCT/LHyb,1
TEE3,clint,1,NA,0,0,NA,NA,NA,WCT,1,WCT/LHyb,1
TEE4,clint,1,NA,0,0,NA,NA,NA,WCT,1,WCT/LHyb,1
TEE5,clint,1,NA,0,0,NA,NA,NA,WCT,1,WCT/LHyb,1